t_cadence,t_speed,t_watts,speed,watts,cadence,t_time,time,t_distance,distance,t_calories,calories
281,10.4,31,10.4,36,28,001_.0,0,0.00,0,1,0
28,10.4,1.._3_,10.4,36,28,1,0,0.00,0,1,0
28,0.10000000000000001,1...3_,10.4,36,28,001_10,0,0.00,0,1,0
281,10.4,31,10.4,36,28,1,0,0.00,0,1,0
281,0.104,31,10.4,36,28,1,0,0,0,1,0
28,10.4,36,10.4,36,28,1,0,0,0,1,0
281,10.4,31,10.4,36,28,1,0,0,0,1,0
281,10.4,3,10.4,36,28,1,0,0,0,0,0
281,10.4,31,10.4,36,28,100,0,0,0,0,0
281,10.4,13,10.4,36,28,1,0,0,0,1,0
28,10.4,11.300000000000001,10.4,36,28,100,0,0,0,0,0
281,10.4,31,10.4,36,28,1,0,0,0,1,0
28,10.4,31,10.4,36,28,100,0,0,0,1,0
28,10.4,31,10.4,36,28,1,0,0,0,0,0
28,10.4,31,10.4,36,28,100,0,0,0,1,0
28,10.4,31,10.4,36,28,1,0,0,0,0,0
281,10.4,31,10.4,36,28,100,0,0.00,0,1,0
281,10.4,0.31,10.4,36,28,1,0,0,0,0,0
28,10.4,1..136,10.4,36,28,-0,0,0,0,0,0
28,10.4,31,10.4,36,28,1,0,0,0,__01,0
28,10.4,31,10.4,36,28,1,0,0.00,0,0,0
28,10.4,31___,10.4,36,28,1,0,0,0,0,0
28,10.4,31,10.4,36,28,1,0,0,0,1,0
28,10.4,31,10.4,36,28,1,0,0,0,1,0
281,10.4,31,10.4,36,28,1,0,0,0,0,0
28,10.4,0.31,10.4,36,28,_001_0,0,0,0,0,0
28,10.4,1.361,10.4,36,28,001_.1,1,0,0,0,0
28,10.4,31,10.4,36,28,1,1,0,0,0,0
_2,10.4,11..131_,10.4,36,28,1,1,0,0,0,0
321,11.9,8991,11.9,49,32,1,1,0,0,0,0
32,11.9,849,11.9,49,32,1,1,0,0,0,0
321,0.11,6.49,11.9,49,32,1,1,0,0,1,0
321,..1.119,1.49,11.9,49,32,101,1,0.00,0,.-01,0
32,11.9,68491,11.9,49,32,1011,1,0,0,0.11,0
32,11.9,_491,11.9,49,32,101,1,0.00,0,.j_1,0
321,11.9,149,11.9,49,32,101,1,0.00,0,1,0
32,11.9,1.4099999999999999,11.9,49,32,1,1,0.00,0,1,0
32,11.9,6.4900000000000002,11.9,49,32,-1,1,0,0,0,0
32,11.9,841,11.9,49,32,1,1,0,0,0,0
32,11.9,8491,11.9,49,32,1,1,0,0,0,0
32,11.9,1....49,11.9,49,32,1,1,0,0,0,0
32,11.9,141__1,11.9,49,32,1,1,0,0,1,0
321,11.9,149,11.9,49,32,1,1,0,0,0,0
32,0.11,141,11.9,49,32,_001_1,1,0,0,1,0
32,11.9,1.41__1,11.9,49,32,-,1,0,0,0,0
32,11.9,11491,11.9,49,32,1,1,0,0,0,0
32,..7.n,6491,19.7,178,53,81,1,0,0,1,0
321,..11.9,b.41_1,11.9,49,32,1,1,0,0,0,0
32,11.9,1_..491,11.9,49,32,001_.1,1,0,0,j_1,0
32,11.9,41,11.9,49,32,1,1,0.00,0,d_1,0
32,11.9,41__1,11.9,49,32,1,1,0.00,0,__01,0
32,11.9,41,11.9,49,32,001_.1,1,0,0,1,0
321,11.9,1_1_1,19.0,159,51,001_.1,1,0,0,._01,0
32,11.9,1.4099999999999999,11.9,49,32,101,1,0.00,0,__01,0
321,11.9,1..491,11.9,49,32,1,1,0,0,0.1,0
32,..1_9,1491,11.9,49,32,1,1,0,0,0.1,0
32,11.9,1149,11.9,49,32,1,1,0,0,__01,0
321,11.9,1.49,11.9,49,32,001_c1,1,0.00,0,0,0
321,11,141,11.9,49,32,001__1,1,0,0,0,0
35,13.0,16,13.0,62,35,1,2,0,0,0,0
35,13.0,6,13.0,62,35,001_c1,2,0,0,0,0
35,13.0,1.6799999999999999,13.0,62,35,1,2,0,0,0,0
35,13.0,61,13.0,62,35,-_1,2,0,0,0,0
351,13,61,13.0,62,35,-,2,0,0,0,0
351,13.0,61,13.0,62,35,-,2,0.00,0,0,0
35,13.0,6,13.0,62,35,10,2,0.00,0,0,0
35,13.0,6,13.0,62,35,8102,2,0,0,0,0
35,13.0,61,13.0,62,35,102,2,0,0,0,0
351,13.0,6,13.0,62,35,81,2,0.01,1,0,0
351,13.0,0.68000000000000005,13.0,62,35,-.,2,0.01,1,0,0
351,13.0,6,13.0,62,35,_001__1,2,0.01,1,0,0
351,13.0,6,13.0,62,35,10,2,1,1,0,0
351,13.0,6,13.0,62,35,001__1,2,0.1,1,1,0
351,13.0,6,13.0,62,35,1,2,1,1,1,0
35,13.0,6,13.0,62,35,001__1,2,1,1,1,0
351,13.0,0.68000000000000005,13.0,62,35,001__1,2,1,1,0,0
351,13.0,68,13.0,62,35,_001__1,2,1,1,0,0
351,13.0,68,13.0,62,35,001__1,2,1,1,0,0
35,13.0,68,13.0,62,35,001__1,2,1,1,0,0
351,13.0,61,13.0,62,35,001__1,2,1,1,0,0
35,13.0,61,13.0,62,35,001__1,2,0.01,1,1,0
35,13.0,68,13.0,62,35,001__1,2,1,1,1,0
35,13.0,6,13.0,62,35,001__1,2,1,1,0.11,0
35,13.0,68,13.0,62,35,001__1,2,0,1,1,0
351,13.0,68,13.0,62,35,10,2,1,1,.-01,0
351,13.0,68,13.0,62,35,1,2,1,1,0,0
35,13.0,68,13.0,62,35,103,3,1,1,1,0
3,13.0,1...68_,13.0,62,35,1,3,1,1,1,0
3-11,13.7,_._,13.7,70,37,1,3,1,1,0,0
371,13.7,717,13.7,70,37,1,3,0,1,1,0
37,13.7,717,13.7,70,37,1,3,1,1,1,0
371,13.7,1717,13.7,70,37,-,3,1,1,1,0
371,13,1_717.,13.7,70,37,1,3,1,1,1,0
371,13.7,1.7,13.7,70,37,1,3,0,1,1,0
371,13.7,170,13.7,70,37,1,3,1,1,0,0
37,13.7,170,13.7,70,37,1,3,1,1,0,0
37,13.7,70,13.7,70,37,1,3,1,1,0,0
3-1_,13.7,70,13.7,70,37,1,3,1,1,0,0
371,13.7,70,13.7,70,37,1,3,1,1,0,0
371,13.7,70,13.7,70,37,-3,3,0.01,1,0,0
3-11,13,_709,13.7,70,37,1,3,1,1,1,0
37,13.7,11..70_.1,13.7,70,37,001_.3,3,1,1,1,0
371,13.7,1..70,13.7,70,37,001_.3,3,0.01,1,1,0
3-11,13.7,1..70.,13.7,70,37,81_.3,3,0.01,1,0,0
371,13.7,170,13.7,70,37,1,3,1,1,0,0
37,13.7,_..70._,13.7,70,37,103,3,1,1,1,0
3,13.7,1701,13.7,70,37,1,3,0.01,1,0,0
371,13.7,1..70_,13.7,70,37,81,3,1,1,1,0
3-11,13.7,8709,13.7,70,37,1,3,0.01,1,0,0
3-11,13.7,e70,13.7,70,37,1,3,0,1,0,0
3-1_,13.7,1.70,13.7,70,37,1,3,7,1,0,0
37,13.7,17171,13.7,70,37,1,3,0,1,.-0_,0
3-1_,13.7,17171,19.7,178,53,1,3,0.01,1,0,0
371,13.7,1..701,13.7,70,37,1,3,0.01,1,1,0
37,13.7,17,13.7,70,37,1,3,1,1,0,0
37,13.7,701,13.7,70,37,001_._,3,1,1,0,0
3,13,c.709,13.7,70,37,1,3,1,1,0,0
_1_,1_._,1.7170000000000001,19.0,159,51,104,4,1,1,0,0
41,15.2,0.89,15.2,89,41,104,4,1,1,1,0
411,15.2,e.81_,15.2,89,41,1,4,1,1,0,0
41,15.2,817,15.2,89,41,104,4,1,1,0,0
411,15.2,0.81000000000000005,15.2,89,41,1,4,0.01,1,0,0
41,15.2,0.81000000000000005,15.2,89,41,1,4,1,1,0,0
411,15.2,0.891,15.2,89,41,1,4,0.01,1,0,0
411,15.2,181,15.2,89,41,1,4,0.01,1,0,0
___411,15.2,189,15.2,89,41,1,4,7,1,0,0
411,15.2,181,15.2,89,41,1,4,0.02,2,0,0
411,15.2,18,15.2,89,41,1,4,0.02,2,0,0
411,15.2,81,15.2,89,41,17,4,0.02,2,0.1,0
411,15.2,81,15.2,89,41,1,4,0.02,2,0,0
41,15.2,181,15.2,89,41,1,4,0.02,2,1,0
411,15.2,81,15.2,89,41,-,4,0.02,2,0,0
411,15.2,81,15.2,89,41,001_1_,4,0.02,2,0,0
411,15.2,81,15.2,89,41,1,4,2,2,1,0
411,15.2,81,15.2,89,41,1,4,0.02,2,1,0
41,15.2,81,15.2,89,41,4,4,0.02,2,1,0
411,15.2,81,15.2,89,41,1,4,2,2,__01,0
411,15.2,81,15.2,89,41,1,4,0.02,2,j_1,0
411,15.2,81,15.2,89,41,1,4,0.02,2,11,0
41,15.2,81,15.2,89,41,-_,4,0.02,2,_01,0
41,15.2,81,15.2,89,41,104,4,0.02,2,8.1,0
41,15.2,81,15.2,89,41,1,4,2,2,1,0
411,15.2,81,15.2,89,41,1,4,0.02,2,1,0
411,15.2,81,15.2,89,41,81,4,0.02,2,__01,0
411,15.2,81,15.2,89,41,001_14,4,0.02,2,1,0
411,15.2,81,15.2,89,41,81,5,0.02,2,0.11,0
411,15,81,15.2,89,41,1,5,0.02,2,1,0
4,15,0.81000000000000005,15.2,89,41,_001_5,5,2,2,j1,0
42,15.6,69,15.6,96,42,1,5,0.02,2,0.1,0
42,15.6,0.91000000000000003,15.6,96,42,1,5,2,2,_1,0
42,15.6,0.91000000000000003,15.6,96,42,1,5,2,2,1,0
42,15.6,191,15.6,96,42,105,5,2,2,0.1,0
421,15.6,91,15.6,96,42,105,5,2,2,1,0
42,15.6,0.91000000000000003,15.6,96,42,1,5,2,2,0,0
421,15.6,0.91000000000000003,15.6,96,42,1,5,2,2,0,0
421,15.6,91,15.6,96,42,1,5,0.02,2,0,0
91,15.6,0.91000000000000003,15.2,89,41,001_.5,5,0.02,2,0,0
421,15.6,91,15.6,96,42,81,5,0.02,2,0,0
121,15.6,91,15.6,96,42,1,5,0.02,2,1,0
421,..1516,9,15.6,96,42,105,5,0.02,2,1,0
421,15.6,91,15.6,96,42,15,5,0.02,2,0,0
_1,15.6,96,15.2,89,41,-,5,0,2,j1,0
421,15.6,96,15.6,96,42,1,5,8,2,1,0
421,15.6,191,15.6,96,42,_001_5,5,2,2,0,0
42,15.6,196,15.6,96,42,-5,5,2,2,1,0
42,15.6,196,15.6,96,42,81,5,2,2,1,0
421,15.6,196,15.6,96,42,1,5,2,2,.j1,0
121,15.6,1.8999999999999999,15.6,96,42,1,5,2,2,1,0
42,15.6,96,15.6,96,42,-5,5,2,2,1,0
421,15.6,91,15.6,96,42,-,5,2,2,1,0
421,15.6,96,15.6,96,42,-5,5,2,2,._01,0
421,15.6,9,15.6,96,42,1,5,2,2,0.11,0
421,15.6,9,15.6,96,42,-,5,2,2,0,0
41,15.6,196,15.6,96,42,1,5,2,2,0,0
421,15.6,96,15.6,96,42,8,5,2,2,__01,0
_42_,15.6,96,15.6,96,42,1,5,2,2,11,0
4,15,696,15.2,89,41,105,5,2,2,.j1,0
451,16.7,_.161,16.7,116,45,106,6,2,2,__01,0
451,16.7,116,16.7,116,45,-,6,2,2,j1,0
45,16.7,11,16.7,116,45,0,6,0,2,0,0
451,16.7,111,16.7,116,45,1,6,0.03,3,1,0
451,16.7,111,16.7,116,45,1,6,3,3,0,0
45,0.16,11,16.7,116,45,1,6,3,3,j1,0
__451,16.7,111,16.7,116,45,1,6,3,3,1,0
151,16.7,111,16.7,116,45,1,6,3,3,0,0
451,16.7,116,16.7,116,45,1,6,3,3,1,0
451,16.7,116,16.7,116,45,1,6,0.03,3,1,0
451,16.7,116,16.7,116,45,1,6,3,3,1,0
45,16.7,111,16.7,116,45,1,6,3,3,1,0
45,16.7,111,16.7,116,45,1,6,3,3,1,0
451,16.7,111,16.7,116,45,1,6,0.03,3,0.1,0
451,16.7,,20.4,196,55,1,6,0.03,3,0,0
45,16.7,111,16.7,116,45,001_16,6,0.03,3,0,0
45,16.7,111,16.7,116,45,001_16,6,0.03,3,0,0
451,16.7,111,16.7,116,45,1,6,0.03,3,0,0
451,16.7,111,16.7,116,45,1,6,0.03,3,0,0
451,16.7,111,16.7,116,45,81_.6,6,0.03,3,0,0
451,16.7,111,16.7,116,45,-,6,0.03,3,0,0
451,16.7,111,16.7,116,45,81,6,0.03,3,0,0
45,16.7,,20.4,196,55,001_.6,6,0.03,3,1,0
451,16.7,111,16.7,116,45,-,6,3,3,0,0
451,16.7,111,16.7,116,45,001_.6,6,0.03,3,0,0
45,16.7,111,16.7,116,45,1,6,3,3,1,0
451,16.7,111,16.7,116,45,-,6,0.03,3,0,0
45,16.7,11,16.7,116,45,-111,6,3,3,0,0
45,16,111,16.7,116,45,1,6,3,3,0,0
46,17.1,18_8_,17.1,123,46,1,7,3,3,0,0
46,0.17000000000000001,12,17.1,123,46,1,7,3,3,0,0
46,17.1,12,17.1,123,46,81,7,0.03,3,0,0
461,17.1,12,17.1,123,46,0,7,3,3,j_1,0
46,17.1,12,17.1,123,46,107,7,0.03,3,1,0
46,17.1,12,17.1,123,46,1,7,3,3,0,0
461,17.1,12,17.1,123,46,-,7,0.03,3,1,0
46,17.1,12,17.1,123,46,1,7,3,3,1,0
461,17.1,12,17.1,123,46,1,7,0.03,3,1,0
46,17.1,12,17.1,123,46,1,7,0.03,3,___01,0
461,17.1,12,17.1,123,46,1,7,0.03,3,1,0
461,17.1,12,17.1,123,46,-,7,0.03,3,0,0
46,17.1,12,17.1,123,46,1,7,3,3,__01,0
46,17.1,12,17.1,123,46,1,7,3,3,0,0
46,17.1,12,17.1,123,46,-_,7,0.03,3,0,0
46,17.1,12,17.1,123,46,107,7,0.03,3,0,0
461,17.1,12,17.1,123,46,001_.1,7,3,3,0,0
91,17.1,12,18.2,143,49,1,7,3,3,0,0
461,17.1,12,17.1,123,46,81_.1,7,0.03,3,1,0
461,17.1,12,17.1,123,46,1,7,0.03,3,0,0
461,17.1,12,17.1,123,46,8107,7,3,3,1,0
461,17.1,12,17.1,123,46,1,7,0.03,3,0,0
461,17.1,12,17.1,123,46,001_.7,7,0.03,3,0,0
461,17.1,12,17.1,123,46,107,7,0.03,3,0,0
461,17.1,12,17.1,123,46,8,7,0.03,3,j1,0
461,17.1,12,17.1,123,46,1,7,3,3,j1,0
461,17.1,12,17.1,123,46,_001_7,7,3,3,0,0
461,17.1,12,17.1,123,46,107,7,3,3,0,0
461,17.1,127,17.1,123,46,1,7,3,3,__01,0
4_11,17.1,127,17.1,123,46,_001__,7,3,3,1,0
471,17.5,1_17,17.5,130,47,1,7,3,3,._01,0
47,17.5,1317,17.5,130,47,81,8,3,3,0,0
471,17.5,1317,17.5,130,47,1,8,4,4,0,0
47,17.5,1317,17.5,130,47,1,8,4,4,j1,0
471,17.5,1317,17.5,130,47,-8,8,4,4,0,0
47,17.5,1317,17.5,130,47,-,8,4,4,0,0
471,17.5,1317,17.5,130,47,1,8,0.04,4,1,0
471,17.5,1317,17.5,130,47,1,8,0.04,4,1,0
47,_17.5,1317,17.5,130,47,-8,8,0.04,4,0,0
47,17.5,1317,17.5,130,47,-,8,0.04,4,1,0
471,17.5,1317,17.5,130,47,8,8,0.04,4,1,0
471,17.5,1317,17.5,130,47,-,8,0.04,4,1,0
47,17.5,1317,17.5,130,47,-_,8,4,4,1,0
471,17.5,130,17.5,130,47,_00108,8,4,4,.-01,0
471,17.5,1317,17.5,130,47,81,8,4,4,0,0
47,17.5,1317,17.5,130,47,8108,8,4,4,0,0
471,17.5,1317,17.5,130,47,81,8,4,4,0,0
471,17.5,1317,17.5,130,47,0.001,8,4,4,0,0
47,17.5,0.130,17.5,130,47,1,8,4,4,0,0
471,17.5,11317,17.5,130,47,8,8,9,4,0,0
4-11,17.5,1317,17.5,130,47,-,8,4,4,0,0
471,17.5,11301,17.5,130,47,_001_8,8,4,4,0,0
47,17.5,1317,17.5,130,47,1,8,4,4,0,0
471,__17.5,130,17.5,130,47,-8,8,4,4,1,0
471,17.5,130,17.5,130,47,108,8,4,4,1,0
47,17.5,1317,17.5,130,47,-8,8,4,4,0,0
_1,17.5,1130,19.0,159,51,-8,8,4,4,0,0
471,17.5,13,17.5,130,47,-,8,4,4,0,0
471,17,1317,17.5,130,47,-,8,0.04,4,0,0
4,18.2,11,18.2,143,49,-,9,4,4,0,0
491,18.2,11-17,18.2,143,49,81,9,4,4,0,0
491,18.2,14,18.2,143,49,-,9,0.04,4,0,0
49,18.2,114,18.2,143,49,1,9,0.04,4,0,0
49,18.2,11,18.2,143,49,81,9,4,4,0,0
491,18.2,11___,18.2,143,49,_001_5,9,4,4,0,0
491,18.2,1_1_,18.2,143,49,-9,9,4,4,___01,0
491,18.2,11,18.2,143,49,-,9,4,4,1,0
491,18.2,14,18.2,143,49,1,9,4,4,0,0
491,18.2,11-1_,18.2,143,49,1,9,4,4,0,0
491,18.2,14,18.2,143,49,1,9,4,4,0,0
491,18.2,14,18.2,143,49,1,9,4,4,0,0
491,18.2,11,18.2,143,49,1,9,4,4,0,0
491,18.2,1_1_,18.2,143,49,1,9,4,4,0,0
491,0.17999999999999999,11,18.2,143,49,1,9,0.04,4,0,0
491,18.2,11,18.2,143,49,1,9,0.04,4,0,0
491,18.2,11,18.2,143,49,1,9,0.04,4,1,0
49,18.2,11-1_,18.2,143,49,109,9,0.04,4,1,0
491,18.2,14,18.2,143,49,109,9,0.04,4,0,0
491,18.2,11___,18.2,143,49,109,9,0.04,4,0,0
49,18.2,111,18.2,143,49,1,9,0.04,4,0,0
491,18.2,111__.1,18.2,143,49,1,9,4,4,_01,0
49,18.2,11,18.2,143,49,1,9,4,4,0,0
49,18.2,11__.,18.2,143,49,1,9,4,4,1,0
49,18.2,11,18.2,143,49,1,9,9,4,1,0
491,18.2,11,18.2,143,49,1,9,5,5,0,0
491,18.2,11,18.2,143,49,1,9,5,5,0,0
49,18.2,11,18.2,143,49,1,9,5,5,0,0
49,18.2,11,18.2,143,49,001_.1_,10,5,5,0,0
4,18.2,111,18.2,143,49,110,10,5,5,1,0
_0_,18,197,18.6,150,50,110,10,5,5,1,0
5c11,18.6,1517,18.6,150,50,110,10,5,5,1,0
50,18.6,11501,18.6,150,50,110,10,0.05,5,1,0
50,18.6,1517,18.6,150,50,110,10,0.05,5,0,0
501,0.17999999999999999,150,18.6,150,50,110,10,0.05,5,0,0
50,18.6,15,18.6,150,50,110,10,5,5,0,0
50,18.6,150,18.6,150,50,110,10,0.05,5,0,0
50,18.6,150,18.6,150,50,110,10,0.05,5,1,0
501,18.6,1517,18.6,150,50,110,10,0.05,5,.__01,0
50,18.6,1517,18.6,150,50,110,10,0.05,5,0,0
50,18.6,150,18.6,150,50,110,10,0.05,5,0,0
50,18.6,1517,18.6,150,50,11,10,0.05,5,0,0
501,18.6,150,18.6,150,50,110,10,0.05,5,0,0
50,18.6,1517,18.6,150,50,110,10,0.05,5,0,0
501,18.6,1517,18.6,150,50,110,10,5,5,0,0
5,18.6,15,18.6,150,50,110,10,5,5,1,0
5c1_,18.6,150,18.6,150,50,110,10,0.05,5,0,0
50,18.6,1517,18.6,150,50,110,10,0.05,5,1,0
50,18.6,150,18.6,150,50,110,10,5,5,0,0
50,18.6,1517,18.6,150,50,110,10,0.05,5,0,0
50,18.6,150,18.6,150,50,110,10,5,5,0,0
50,18.6,15,18.6,150,50,110,10,0.05,5,0,0
501,18.6,150,18.6,150,50,8110,10,5,5,j__,0
5c1_,18.6,0.150,18.6,150,50,110,10,0.05,5,0,0
5c11,18.6,1517,18.6,150,50,110,10,0.05,5,0,0
5c11,18.6,1517,18.6,150,50,110,10,0.05,5,0,0
501,18.6,1517,18.6,150,50,110,10,0.05,5,1,0
501,..18.6,1517,18.6,150,50,110,10,0.05,5,d1,0
501,18.6,15,18.6,150,50,81.1,11.0,0.05,5,1,0
5.1,19.6,1517,19.0,159,51,111,11.0,5,5,___0_,0
511,19.0,1517,19.0,159,51,111,11.0,5,5,1,0
51,19.0,159,19.0,159,51,111,11.0,5,5,1,0
511,19.0,151,19.0,159,51,8111,11.0,5,5,0,0
511,19,151,19.0,159,51,-,11.0,0.05,5,1,0
0.511,19.0,151,19.0,159,51,111,11.0,u5,5,0,0
_511,19.0,151,19.0,159,51,111,11.0,0.05,5,0,0
511,19.0,151,19.0,159,51,-_1_,11.0,5,5,0,0
511,19.0,151,19.0,159,51,-,11.0,0.05,5,0,0
511,19.0,151,19.0,159,51,811,11.0,5,5,0,0
511,19.0,151,19.0,159,51,1111,11.0,0.05,5,0,0
_11,19.0,151,19.0,159,51,-1,11.0,0.05,5,0,0
51,19,151,19.0,159,51,111,11.0,0.05,5,0,0
511,19.0,151,19.0,159,51,111,11.0,0.05,5,1,0
51,19.0,151,19.0,159,51,1111,11.0,0.05,5,1,0
511,19.0,151,19.0,159,51,-1,11.0,0.05,5,0,0
511,19.0,1517,19.0,159,51,-,11.0,0.05,5,0,0
51,19.0,151,19.0,159,51,8111,11.0,0.06,6,0,0
51,19.0,151,19.0,159,51,111,11.0,0.06,6,0,0
511,19.0,151,19.0,159,51,_00111,11.0,0.06,6,0,0
51,19.0,151,19.0,159,51,8_11,11.0,0.06,6,0,0
51,19.0,151,19.0,159,51,-1,11.0,6,6,0,0
51,19.0,151,19.0,159,51,-1,11.0,6,6,0,0
511,19.0,151,19.0,159,51,-,11.0,0.06,6,0,0
51,19.0,1517,19.0,159,51,-,11.0,6,6,0,0
511,19.0,151,19.0,159,51,111,11.0,6,6,1,0
511,19.0,151,19.0,159,51,-,11.0,6,6,0,0
51,19.0,151,19.0,159,51,-,11.0,0.06,6,0,0
511,19.0,151,19.0,159,51,-__,11.0,0.06,6,0.01,0
511,19.0,159,19.0,159,51,-1,11.0,6,6,0,0
511,19,151,19.0,159,51,-1,11.0,0.06,6,0.1,0
5,19.3,151,19.0,159,51,11,12.0,0.06,6,d1,0
5,19.3,1617,19.3,168,52,11,12.0,0.06,6,0.1,0
521,19.3,169,19.3,168,52,-1,12.0,0.06,6,1-11,1
52,19.3,1.168,19.3,168,52,11,12.0,0.06,6,11,1
52,19.3,161,19.3,168,52,11,12.0,6,6,1,1
521,19.3,161,19.3,168,52,11,12.0,6,6,11,1
52,19.3,161,19.3,168,52,11,12.0,6,6,11,1
52,19.3,161,19.3,168,52,_0011_1,12.0,0.06,6,11,1
521,19.3,16,19.3,168,52,-,12.0,6,6,1,1
521,19.3,1617,19.3,168,52,-_1,12.0,6,6,j.1,1
521,19.3,16,19.3,168,52,-,12.0,6,6,11,1
521,19.3,16,19.3,168,52,-,12.0,0.06,6,1,1
521,19.3,161,19.3,168,52,-,12,0.06,6,1,1
521,19.3,161,19.3,168,52,-,12,0.06,6,1,1
52,19.3,161,19.3,168,52,12,12,0.06,6,1,1
521,19.3,161,19.3,168,52,1.2,12,0.06,6,11,1
_1,19.3,161,19.0,159,51,-,12,0.06,6,11,1
__,19.3,1617,19.3,168,52,-,12,0.06,6,11,1
521,19.3,168,19.3,168,52,11.2,12,0.06,6,1,1
521,19.3,0.168,19.3,168,52,-1,12,0.06,6,1,1
521,19.3,169,19.3,168,52,11,12,0.06,6,11,1
521,19.3,161,19.3,168,52,11,12,0.06,6,11,1
521,19.3,161,19.3,168,52,11,12,0.06,6,j1,1
52,19.3,161,19.3,168,52,11,12,0.06,6,11,1
81,19.3,168,19.0,159,51,11,12,6,6,11,1
521,19.3,1617,19.3,168,52,81,12,0.06,6,11,1
_1,19.3,161,19.0,159,51,811.2,12,6,6,11,1
521,19.3,161,19.3,168,52,11,12,6,6,11,1
521,19.3,161,19.3,168,52,11,12,6,6,1,1
521,19.3,161,19.3,168,52,113,13,6,6,11,1
52,19.3,161,19.3,168,52,113,13,6,6,_11,1
52,19.3,161,19.3,168,52,80113,13,0.06,6,11,1
521,19.3,161,19.3,168,52,11,13,0.06,6,1,1
521,19.3,161,19.3,168,52,113,13,6,6,11,1
52,19.3,161,19.3,168,52,113,13,6,6,11,1
52,8,16,18.6,150,50,113,13,6,6,11,1
52,19.3,161,19.3,168,52,113,13,0.06,6,1,1
521,19.3,161,19.3,168,52,113,13,0.06,6,11,1
521,19.3,161,19.3,168,52,113,13,6,6,1,1
521,19.3,161,19.3,168,52,113,13,6,6,11,1
521,19.3,161,19.3,168,52,113,13,6,6,1,1
52,19.3,161,19.3,168,52,113,13,7,7,11,1
52,0.1913,161,19.3,168,52,11.3,13,7,7,11,1
52,19.3,0.16,19.3,168,52,113,13,7,7,11,1
52,19.3,161,19.3,168,52,113,13,7,7,11,1
521,19.3,16,19.3,168,52,113,13,7,7,11,1
52,19.3,161,19.3,168,52,8113,13,7,7,11,1
52,19.3,161,19.3,168,52,113,13,7,7,1,1
521,19.3,161,19.3,168,52,113,13,0.07,7,11,1
__521,19.3,1617,19.3,168,52,11.3,13,7,7,-11,1
521,19.3,161,19.3,168,52,811,13,0.07,7,1,1
_52_,19.3,16,19.3,168,52,-3,13,7,7,1,1
521,19.3,161,19.3,168,52,113,13,7,7,1,1
52,19.3,161,19.3,168,52,113,13,7,7,11,1
52,19.3,161,19.3,168,52,-,13,7,7,1,1
521,19.3,1617,19.3,168,52,113,13,7,7,.-11,1
521,19.3,161,19.3,168,52,113,13,7,7,j.1,1
521,19.3,1617,19.3,168,52,11,14,7,7,11,1
521,19.3,161,19.3,168,52,114,14,7,7,j_1,1
5,19.7,168,19.3,168,52,11,14,7,7,11,1
531,19.7,171,19.7,178,53,114,14,7,7,11,1
531,19.7,179,19.7,178,53,114,14,7,7,1,1
531,19.7,1717,19.7,178,53,u14,14,7,7,11,1
531,19.7,171,19.7,178,53,114,14,0.07,7,11,1
531,19.7,171,19.7,178,53,8114,14,7,7,11,1
5,19.7,1717,19.7,178,53,114,14,7,7,1,1
5,19.7,171,19.7,178,53,8_14,14,7,7,11,1
531,19.7,179,19.7,178,53,811.4,14,7,7,11,1
531,19.7,171,19.7,178,53,114,14,7,7,11,1
53,19.7,179,19.7,178,53,__00114,14,0.07,7,11,1
531,19.7,171,19.7,178,53,814,14,7,7,11,1
531,19.7,171,19.7,178,53,114,14,0..07,7,_11,1
531,19.7,17,19.7,178,53,8114,14,0.07,7,1,1
5,19.7,1717,19.7,178,53,111,14,0.07,7,1,1
131,19.7,171,19.7,178,53,114,14,7,7,j__1,1
531,19.7,171,19.7,178,53,8111,14,.u7,7,11,1
531,19.7,171,19.7,178,53,114,14,7,7,11,1
531,19.7,179,19.7,178,53,114,14,7,7,11,1
j31,19.7,171,19.7,178,53,11.4,14,7,7,.__1_,1
531,19,171,19.7,178,53,811,14,7,7,1,1
531,19.7,171,19.7,178,53,-,14,7,7,1,1
5,19.7,1717,19.7,178,53,114,14,0.07,7,11,1
53,19.7,171,19.7,178,53,114,14,0.07,7,11,1
531,19.7,171,19.7,178,53,1114,14,0.07,7,11,1
53,19.7,171,19.7,178,53,1114,14,0.07,7,11,1
53,19.7,17,19.7,178,53,4,14,0.07,7,j_1,1
53,19.7,171,19.7,178,53,11,14,0.07,7,11,1
5,19.7,171,19.7,178,53,-,14,0.07,7,-_11,1
5,_0,17.7,19.0,159,51,-,14,0.07,7,___11,1
51,20.1,187,20.1,187,54,-,15,0.07,7,11,1
j1_1,20.1,187,15.2,89,41,-,15,0.07,7,11,1
541,20.1,187,20.1,187,54,115,15,0.07,7,11,1
_1,20.1,187,15.2,89,41,-5,15,0.07,7,.-_11,1
54,20.1,187,20.1,187,54,115,15,0.07,7,11,1
541,20.1,187,20.1,187,54,115,15,7,7,1,1
541,20.1,187,20.1,187,54,115,15,0,7,j.1,1
54,20.1,187,20.1,187,54,115,15,9,8,1,1
541,20.1,187,20.1,187,54,115,15,8,8,1,1
541,20.1,187,20.1,187,54,115,15,8,8,j1,1
541,20.1,187,20.1,187,54,115,15,8,8,1,1
54,20.1,187,20.1,187,54,115,15,8,8,1,1
541,20.1,187,20.1,187,54,115,15,8,8,1,1
54,20.1,187,20.1,187,54,115,15,8,8,_11,1
54,20.1,187,20.1,187,54,11.5,15,0.08,8,j_1,1
54,20.1,187,20.1,187,54,115,15,8,8,11,1
54,20.1,187,20.1,187,54,115,15,0.08,8,11,1
541,20.1,187,20.1,187,54,8115,15,0.08,8,-_11,1
_841,20.1,187,20.1,187,54,115,15,0.08,8,1,1
541,20.1,187,20.1,187,54,115,15,0.08,8,1,1
54,20.1,187,20.1,187,54,115,15,0.08,8,11,1
541,20.1,187,20.1,187,54,115,15,0.08,8,1,1
54,2c1.1,187,20.1,187,54,815,15,0.08,8,11,1
541,20.1,187,20.1,187,54,115,15,8,8,11,1
54,20.1,187,20.1,187,54,815,15,8,8,11,1
541,20.1,187,20.1,187,54,115,15,0.08,8,11,1
54,20.1,187,20.1,187,54,115,15,8,8,1,1
54,20.1,187,20.1,187,54,115,15,8,8,1,1
54,20.1,187,20.1,187,54,0_15,15,8,8,1,1
541,20.1,187,20.1,187,54,816,16,8,8,1,1
54,20.1,187,20.1,187,54,116,16,8,8,__1_,1
541,20.1,187,20.1,187,54,116,16,8,8,1,1
541,20.1,187,20.1,187,54,1.16,16,0.08,8,1,1
541,20.1,187,20.1,187,54,116,16,0.08,8,11,1
541,20.1,187,20.1,187,54,116,16,0.08,8,11,1
541,20.1,187,20.1,187,54,u16,16,8,8,1,1
541,20.1,187,20.1,187,54,116,16,0.08,8,j_1,1
541,20.1,187,20.1,187,54,116,16,0.08,8,1,1
541,20.1,187,20.1,187,54,8116,16,8,8,j1,1
541,20.1,187,20.1,187,54,8116,16,8,8,11,1
541,20.1,187,20.1,187,54,116,16,8,8,11,1
541,20.1,187,20.1,187,54,116,16,8,8,j.1,1
541,20.1,187,20.1,187,54,116,16,8,8,11,1
541,20.1,187,20.1,187,54,116,16,8,8,11,1
54,20.1,187,20.1,187,54,-,16,8,8,11,1
541,20.1,187,20.1,187,54,116,16,8,8,11,1
541,20.1,187,20.1,187,54,_00116,16,8,8,11,1
541,20.1,187,20.1,187,54,116,16,8,8,11,1
54,20.1,187,20.1,187,54,11.6,16,8,8,11,1
541,20.1,187,20.1,187,54,116,16,8,8,11,1
541,20.1,187,20.1,187,54,_00116,16,8,8,11,1
_1,20.1,187,15.2,89,41,_00116,16,8,8,11,1
_1,20.1,187,15.2,89,41,116,16,8,8,11,1
541,20.1,187,20.1,187,54,_16,16,0.08,8,11,1
541,20.1,187,20.1,187,54,116,16,8,8,1,1
541,20.1,187,20.1,187,54,-,16,9,9,11,1
54,20.1,187,20.1,187,54,816,16,0.09,9,11,1
541,20.1,187,20.1,187,54,81,16,0.09,9,_1_,1
541,20.1,187,20.1,187,54,-,16,9,9,1,1
54,20.1,187,20.1,187,54,-,16,9,9,11,1
54,20.1,187,20.1,187,54,0_1.1,17,9,9,11,1
541,20.1,187,20.1,187,54,81.7,17,9,9,1,1
541,20.1,187,20.1,187,54,117,17,9,9,11,1
54,20.1,187,20.1,187,54,117,17,9,9,11,1
541,20.1,187,20.1,187,54,117,17,0.09,9,11,1
541,20.1,187,20.1,187,54,8117,17,9,9,11,1
541,20.1,187,20.1,187,54,81117,17,0.09,9,_.1,1
541,20.1,187,20.1,187,54,117,17,9,9,11,1
541,20.1,187,20.1,187,54,-,17,0.09,9,11,1
541,20.1,187,20.1,187,54,-,17,9,9,11,1
54,20.1,187,20.1,187,54,-,17,0.09,9,j.1,1
541,20.1,187,20.1,187,54,-,17,0.09,9,11,1
54,20.1,187,20.1,187,54,-,17,0.09,9,11,1
54,8,187,18.2,143,49,117,17,9,9,11,1
541,20.1,187,20.1,187,54,-,17,0.09,9,11,1
54,20.1,187,20.1,187,54,__00117,17,0.09,9,11,1
54,20.1,187,20.1,187,54,117,17,9,9,_11,1
541,20.1,187,20.1,187,54,-_,17,0.09,9,1,1
54,20.1,187,20.1,187,54,-,17,9,9,1,1
54,20.1,187,20.1,187,54,817,17,9,9,11,1
54,20.1,187,20.1,187,54,-,17,9,9,1,1
54,20.1,187,20.1,187,54,117,17,9,9,11,1
54,20.1,187,20.1,187,54,-,17,9,9,1,1
54,20.1,187,20.1,187,54,-,17,9,9,1,1
54,20.1,187,20.1,187,54,-,17,0.09,9,11,1
54,20.1,187,20.1,187,54,8117,17,0.09,9,_.1,1
54,20.1,187,20.1,187,54,1117,17,0.09,9,j1,1
54,20.1,187,20.1,187,54,117,17,0.09,9,_.1,1
5,_11,18,19.3,168,52,80117,17,0.09,9,_1,1
5,20.100000000000001,19,20.4,196,55,118,18,0.09,9,.-11,1
55,20.4,19,20.4,196,55,116,18,0.09,9,11,1
55,20.4,19,20.4,196,55,118,18,0.09,9,.-11,1
55,20.4,19,20.4,196,55,11,18,0.09,9,j.1,1
55,20.4,19,20.4,196,55,118,18,9,9,_1,1
551,20.4,19,20.4,196,55,118,18,9,9,_1,1
55,20.4,119,20.4,196,55,118,18,0.09,9,_.1,1
55,2c1._,19,20.4,196,55,118,18,9,9,_.1,1
55,20.4,19,20.4,196,55,118,18,0.09,9,2,2
55,20.4,191,20.4,196,55,118,18,0.09,9,21,2
551,2c1.4,191,20.4,196,55,8118,18,0.09,9,21,2
55,20.4,119,20.4,196,55,118,18,0.09,9,21,2
551,20.4,191,20.4,196,55,118,18,0.09,9,21,2
55,20.4,191,20.4,196,55,118,18,0.09,9,j1,2
55,20.4,1191,20.4,196,55,118,18,9,9,_1,2
551,20.4,191,20.4,196,55,118,18,9,9,2,2
55,20,19,20.4,196,55,118,18,0.11,9,.j1,2
551,201,191,20.4,196,55,118,18,0.10000000000000001,9,21,2
551,20.4,19,20.4,196,55,8118,18,0.08,9,21,2
551,20.4,0.19,20.4,196,55,116,18,0.10,10,._..1,2
551,20.4,19,20.4,196,55,118,18,0,10,_1,2
551,20.4,119,20.4,196,55,116,18,10,10,_1,2
551,20.4,19,20.4,196,55,118,18,0.10,10,21,2
551,2c1.4,191,20.4,196,55,118,18,10,10,2,2
551,20.4,19,20.4,196,55,118,18,10,10,21,2
55,20.4,191,20.4,196,55,8118,18,0.10,10,21,2
551,20.4,191,20.4,196,55,118,18,10,10,21,2
551,20,19,20.4,196,55,818,18,10,10,._21,2
55,20.4,191,20.4,196,55,_00119,19,0.10,10,2,2
55,20.4,19,20.4,196,55,119,19,0.10,10,._1,2
551,20.4,191,20.4,196,55,119,19,0.10,10,_.1,2
55,2c1.._,191,20.4,196,55,8119,19,10,10,j1,2
55,20.4,191,20.4,196,55,119,19,0.10,10,d__1,2
551,20.4,191,20.4,196,55,80119,19,0.10,10,21,2
551,20.4,191,20.4,196,55,119,19,0.10,10,2,2
551,20,19,20.4,196,55,_00119,19,0.10,10,2,2
55,20.4,191,20.4,196,55,119,19,0.10,10,2,2
551,20.4,19,20.4,196,55,119,19,10,10,21,2
551,20.4,191,20.4,196,55,11.9,19,0.10,10,21,2
55,20.4,191,20.4,196,55,119,19,0.10,10,21,2
551,20.4,19,20.4,196,55,119,19,10,10,2,2
55,20.4,19,20.4,196,55,119,19,10,10,2,2
81,20.4,19,19.0,159,51,119,19,10,10,0.11,2
5,20.4,19,20.4,196,55,119,19,0.10,10,2,2
551,20.4,19,20.4,196,55,119,19,10,10,21,2
551,20.4,19,20.4,196,55,119,19,10,10,d__1,2
55,20.4,19,20.4,196,55,119,19,10,10,2,2
55,20.4,191,20.4,196,55,119,19,10,10,.j1,2
81,20.4,196,10.4,36,28,119,19,0.10,10,21,2
_1,20.4,19,19.0,159,51,119,19,10,10,2,2
81,20.4,196,10.4,36,28,119,19,0.10,10,21,2
_1,20.4,196,19.0,159,51,119,19,0.10,10,_21,2
_551,20.4,191,20.4,196,55,119,19,0.10,10,21,2
55,20.4,191,20.4,196,55,119,19,0..10,10,_21,2
551,20.4,191,20.4,196,55,119,19,0.10,10,_1,2
551,20.4,191,20.4,196,55,119,19,0.10,10,_21,2
551,20.4,191,20.4,196,55,119,19,10,10,_1,2
j51,20.4,191,20.4,196,55,11,20,10,10,2,2
551,20.4,191,20.4,196,55,001_1_,20,10,10,2,2
551,20,191,20.4,196,55,-,20,0.10,10,.j_1,2
55,20.4,191,20.4,196,55,001_10,20,10,10,21,2
551,20.4,191,20.4,196,55,1,20,10,10,2,2
551,20.4,191,20.4,196,55,1,20,10,10,.__1,2
551,2c1.4,191,20.4,196,55,-,20,10,10,2,2
551,20.4,191,20.4,196,55,1,20,10,10,j1,2
551,20.4,191,20.4,196,55,-,20,0.10,10,.j1,2
81,20.4,191,19.0,159,51,1,20,10,10,2,2
551,20,191,20.4,196,55,001_10,20,10,10,2,2
55,20.4,191,20.4,196,55,1,20,0.10,10,2,2
55,20.4,191,20.4,196,55,1,20,0.10,10,21,2
551,20.4,191,20.4,196,55,001_10,20,0.11,11,21,2
551,20.4,191,20.4,196,55,1,20,0.11,11,21,2
551,20.4,1196,20.4,196,55,001_10,20,0.11,11,2,2
55,2.04,191,20.4,196,55,1,20,11,11,21,2
551,20.4,191,20.4,196,55,1,20,1.1,11,2,2
551,20.4,19,20.4,196,55,1,20,11,11,2,2
55,20.4,19,20.4,196,55,-,20,0.17,11,21,2
551,20.4,191,20.4,196,55,1,20,11,11,2,2
55,20.4,19,20.4,196,55,1,20,11,11,2,2
55,20.4,191,20.4,196,55,1,20,11,11,2,2
55,20.4,19,20.4,196,55,1,20,11,11,2,2
55,20.4,191,20.4,196,55,1,20,11,11,2,2
551,20.4,19,20.4,196,55,001_.0,20,0.11,11,2,2
551,20.4,191,20.4,196,55,001_10,20,11,11,2,2
551,20.4,191,20.4,196,55,001_10,20,11,11,2,2
551,20.4,19,20.4,196,55,001_10,20,11,11,2,2
55,20.4,191,20.4,196,55,001_10,20,1.1,11,2,2
55,2c1.4,191,20.4,196,55,1,20,0.17,11,2,2
55,20.4,196,20.4,196,55,001_..1,21,11,11,2,2
55,20.4,191,20.4,196,55,1,21,0.10000000000000001,11,21,2
55,20.4,191,20.4,196,55,1,21,11,11,2,2
551,20,196,20.4,196,55,1,21,1.1,11,2,2
55,20.4,191,20.4,196,55,1,21,11,11,21,2
55,20.4,191,20.4,196,55,1,21,11,11,0.11,2
55,20.4,191,20.4,196,55,1,21,11,11,21,2
55,20.4,191,20.4,196,55,81,21,11,11,21,2
55,20.4,19,20.4,196,55,1,21,11,11,2,2
55,20.4,191,20.4,196,55,1,21,11,11,21,2
55,2c1.l1,19,20.4,196,55,81,21,11,11,21,2
551,20,196,20.4,196,55,001_11,21,0.11,11,21,2
551,20.4,191,20.4,196,55,0.1,21,0.10000000000000001,11,._1,2
551,20.4,191,20.4,196,55,001_11,21,0.11,11,21,2
55,20.4,191,20.4,196,55,001_11,21,0.11,11,_1,2
55,20.4,191,20.4,196,55,001_11,21,0.11,11,_.1,2
55,20.4,19,20.4,196,55,81_11,21,0.11,11,21,2
55,20.4,19,20.4,196,55,1,21,11,11,2,2
551,20.4,196,20.4,196,55,001_.1,21,11,11,21,2
55,20.4,196,20.4,196,55,1,21,11,11,21,2
551,20.4,19,20.4,196,55,001_11,21,11,11,21,2
551,20.4,196,20.4,196,55,1,21,11,11,21,2
55,20.4,19,20.4,196,55,001_11,21,11,11,2,2
55,20,19,20.4,196,55,1,21,11,11,2,2
551,20.4,196,20.4,196,55,-1,21,11,11,2,2
j_11,20.4,19,19.0,159,51,-1,21,11,11,2,2
_551,20.4,19,20.4,196,55,1,21,1.1000000000000001,11,2,2
551,20.4,19,20.4,196,55,1,21,11,11,21,2
551,20.4,19,20.4,196,55,001_11,21,11,11,2,2
55,20.4,0.19,20.4,196,55,001_11,21,0.11,11,2,2
551,20.4,191,20.4,196,55,001_1.1,21,11,11,2,2
551,20,191,20.4,196,55,001__1,21,0.11,11,2,2
551,20.4,1196,20.4,196,55,001_1_1,21,0.11,11,2,2
551,20.4,19,20.4,196,55,001_1_1,21,0.10000000000000001,11,2,2
55,20.4,196,20.4,196,55,001_1_1,21,0.12,12,2,2
55,20,196,20.4,196,55,1,21,0,12,2,2
81,20.4,191,19.0,159,51,-,21,0.12,12,2,2
551,20,19,20.4,196,55,1,21,0.12,12,2,2
551,20.100000000000001,19,20.4,196,55,-_1,21,0.12,12,2,2
551,2c1._,191,19.0,159,51,001__1,21,12,12,2,2
551,20,19,20.4,196,55,001_.2,22,12,12,21,2
551,20.4,19,20.4,196,55,-,22,12,12,2,2
551,20.4,196,20.4,196,55,001__1,22,0.12,12,21,2
551,20,196,20.4,196,55,_001_._1,22,0.12,12,21,2
551,20.4,191,20.4,196,55,1,22,12,12,21,2
551,20,196,20.4,196,55,001_.2,22,12,12,2,2
551,20.4,191,20.4,196,55,1,22,0.12,12,2,2
551,20,191,20.4,196,55,1,22,0.12,12,.j1,2
551,20.4,0.196,20.4,196,55,001__1,22,0.12,12,2,2
551,20.4,19,20.4,196,55,001_._1,22,12,12,_21,2
551,20.4,19,20.4,196,55,001_.2,22,0.12,12,._2,2
551,20.4,196,20.4,196,55,_001__1,22,0.12,12,21,2
55,20.4,196,20.4,196,55,1,22,0.12,12,_1,2
55,20.4,0.196,20.4,196,55,001__1,22,0.12,12,__2_,2
55,20.4,191,20.4,196,55,001__1,22,0.12,12,21,2
55,20.4,191,20.4,196,55,001__1,22,0.12,12,21,2
55,20.4,196,20.4,196,55,001_1_1,22,0.12,12,d1,2
55,20.4,196,20.4,196,55,81__1,22,12,12,__1,2
551,20.4,196,20.4,196,55,-,22,12,12,21,2
551,20.4,196,20.4,196,55,-,22,0.12,12,2,2
551,20.4,196,20.4,196,55,-,22,0.12,12,21,2
55,20.4,196,20.4,196,55,_001_13,23,0.12,12,__1,2
55,20.4,191,20.4,196,55,001_13,23,0.12,12,2,2
551,20.4,191,20.4,196,55,81_13,23,0.12,12,2,2
55,20.4,0.196,20.4,196,55,001_.3,23,0.12,12,11,2
551,2014,19,20.4,196,55,81_13,23,0.12,12,21,2
55,20.4,19,20.4,196,55,001_13,23,0.12,12,21,2
55,20.4,196,20.4,196,55,001_13,23,0.12,12,2,2
55,20.4,19,20.4,196,55,001_13,23,0.12,12,2,2
55,20.4,19,20.4,196,55,__001__,23,0.12,12,21,2
55,20.4,19,20.4,196,55,1,23,0.12,12,21,2
55,2c1.4,19,20.4,196,55,1,23,0.12,12,2,2
55,20.4,196,20.4,196,55,001_.3,23,0.12,12,2,2
5,20.4,19,20.4,196,55,001_.3,23,12,12,21,2
551,20.4,19,20.4,196,55,001_.3,23,12,12,2,2
551,20.4,196,20.4,196,55,001_.3,23,12,12,2,2
551,20.4,19,20.4,196,55,001_.3,23,12,12,2,2
55,20.4,196,20.4,196,55,001_13,23,0.12,12,2,2
55,20.4,19,20.4,196,55,001_.3,23,12,12,2,2
55,2c1.4,191,20.4,196,55,001_13,23,0.12,12,2,2
55,20.4,196,20.4,196,55,1,23,0.12,12,21,2
551,20.4,196,20.4,196,55,001_.3,23,0.12,12,2,2
55,20.4,196,20.4,196,55,001_13,23,12,12,2,2
55,20,196,20.4,196,55,001_13,23,0.12,12,2,2
55,_,196,20.4,196,55,001_113,23,0.12,12,21,2
55,20.4,1196,20.4,196,55,001_.3,23,12,12,21,2
55,20.4,191,20.4,196,55,1,23,0.10000000000000001,12,2,2
551,20.4,1961,20.4,196,55,1,23,0.13,13,21,2
55,20.4,1196,20.4,196,55,001_.3,23,0.13,13,21,2
55,20.4,196,20.4,196,55,801,24,.-,13,21,2
551,20.4,196,20.4,196,55,001_14,24,13,13,21,2
551,20.4,1961,20.4,196,55,001_14,24,13,13,21,2
55,2014,19,20.4,196,55,001_.4,24,13,13,21,2
55,20.4,1196,20.4,196,55,8614,24,13,13,2,2
551,20.4,191,20.4,196,55,001_.4,24,13,13,21,2
551,20.4,191,20.4,196,55,-.,24,13,13,2,2
55,20.4,1196,20.4,196,55,1,24,13,13,21,2
551,20.4,191,20.4,196,55,001_14,24,0.13,13,21,2
551,20.4,196,20.4,196,55,1,24,0.13,13,21,2
551,20.4,196,20.4,196,55,__001_14,24,0.13,13,21,2
551,20.4,191,20.4,196,55,_001_14,24,0..13,13,-_1,2
55,20,196,20.4,196,55,001_14,24,0.13,13,21,2
551,20,191,20.4,196,55,81,24,0.13,13,2,2
55,20.4,191,20.4,196,55,4,24,13,13,21,2
55,20,191,20.4,196,55,14,24,13,13,21,2
55,2014,191,20.4,196,55,1,24,13,13,2,2
55,20.4,191,20.4,196,55,1,24,13,13,2,2
55,20.4,196,20.4,196,55,1,24,13,13,2,2
55,20.4,191,20.4,196,55,001_14,24,13,13,21,2
55,20.4,19,20.4,196,55,001_.4,24,13,13,21,2
55,20.4,191,20.4,196,55,1,24,13,13,21,2
55,20,196,20.4,196,55,001_14,24,0..13,13,21,2
55,20.4,196,20.4,196,55,001_14,24,0.13,13,21,2
55,20.4,196,20.4,196,55,001_14,24,0.13,13,2,2
55,2c1.4,196,20.4,196,55,001_14,24,0.13,13,21,2
551,20.4,196,20.4,196,55,001_14,24,13,13,2,2
55,20.4,196,20.4,196,55,001_14,24,0.13,13,21,2
55,20.4,1196,20.4,196,55,001_14,24,0.13,13,21,2
551,20.4,196,20.4,196,55,001_1_,24,13,13,2,2
551,20.4,196,20.4,196,55,001_1_,24,13,13,2,2
551,20.4,196,20.4,196,55,1,25,13,13,__2_,2
551,20.4,196,20.4,196,55,1,25,13,13,2,2
55,20.4,196,20.4,196,55,001_.5,25,13,13,___2_,2
551,20.4,196,20.4,196,55,1,25,13,13,2,2
551,20.4,196,20.4,196,55,001_15,25,13,13,2,2
55,20.4,196,20.4,196,55,001_.5,25,13,13,21,2
55,20.4,19,20.4,196,55,001_15,25,13,13,21,2
55,20.4,196,20.4,196,55,001_.5,25,13,13,2,2
551,20.4,196,20.4,196,55,125,25,13,13,__,3
551,20.4,196,20.4,196,55,001_15,25,13,13,31,3
551,20.4,196,20.4,196,55,001_15,25,13,13,3,3
551,2014,196,20.4,196,55,_001_15,25,13,13,3,3
551,20.4,191,20.4,196,55,1,25,0.13,13,3,3
551,20.4,196,20.4,196,55,81_15,25,0.13,13,31,3
551,20,191,20.4,196,55,001_15,25,13,13,._1,3
55,2c1.4,191,20.4,196,55,001_15,25,0.13,13,31,3
55,20.4,196,20.4,196,55,001_15,25,0.10000000000000001,13,.j1,3
551,20.4,196,20.4,196,55,1,25,0.14,14,__1,3
551,20.4,196,20.4,196,55,001_15,25,0.14,14,._31,3
551,20.4,196,20.4,196,55,1,25,0.14,14,.j1,3
_851,20.4,196,20.4,196,55,001_.5,25,14,14,_1,3
55,20.4,196,20.4,196,55,1,25,0..19,14,._1,3
55,20.4,196,20.4,196,55,001_15,25,0..14,14,._.1,3
551,2c1.4,196,20.4,196,55,001_15,25,0..14,14,._.1,3
551,20.4,1196,20.4,196,55,001_15,25,14,14,.-31,3
55,20.4,196,20.4,196,55,-,25,14,14,.__31,3
551,20.4,196,20.4,196,55,15,25,14,14,31,3
55,20.4,196,20.4,196,55,-,25,0.14,14,j1,3
55,20.4,196,20.4,196,55,-_,25,0.14,14,j1,3
551,20.4,196,20.4,196,55,-_,26,14,14,31,3
55,20.4,196,20.4,196,55,001_16,26,14,14,3,3
55,20.4,196,20.4,196,55,16,26,14,14,3,3
55,20.4,196,20.4,196,55,81_16,26,0.14,14,31,3
551,20.4,196,20.4,196,55,001_16,26,0.14,14,_31,3
551,20.4,196,20.4,196,55,001_16,26,0.14,14,31,3
551,20.4,196,20.4,196,55,81_.6,26,0.14,14,31,3
55,20.4,196,20.4,196,55,001_16,26,0.14,14,31,3
55,20.4,1196,20.4,196,55,1,26,0.14,14,j1,3
55,20.4,196,20.4,196,55,001_.6,26,0.14,14,._31,3
55,20.4,196,20.4,196,55,81,26,14,14,31,3
551,20.4,196,20.4,196,55,001_.6,26,14,14,3,3
551,20.4,191,20.4,196,55,1,26,14,14,_3_,3
551,20.4,196,20.4,196,55,001_.6,26,14,14,3,3
551,20,196,20.4,196,55,8,26,0.14,14,j_1,3
551,20.4,196,20.4,196,55,1,26,0.14,14,31,3
55,20,196,20.4,196,55,1,26,0.14,14,3,3
55,20.4,19,20.4,196,55,1,26,0.14,14,3,3
55,2c1.4,196,20.4,196,55,001_16,26,0..14,14,31,3
551,20.4,196,20.4,196,55,001_16,26,0.14,14,31,3
551,20.4,196,20.4,196,55,001_16,26,0.14,14,3,3
551,20.4,196,20.4,196,55,001_1.6,26,0..14,14,3,3
551,20,196,20.4,196,55,001_16,26,0.14,14,3,3
551,20.4,196,20.4,196,55,001_16,26,0.14,14,31,3
551,20.4,196,20.4,196,55,1,26,14,14,31,3
551,20.4,19,20.4,196,55,001_16,26,0.14,14,31,3
551,2c1.4,19,20.4,196,55,1,26,14,14,0.31,3
551,20.4,0.196,20.4,196,55,81_16,26,14,14,31,3
551,20.4,196,20.4,196,55,1,26,0.19,14,31,3
551,20.4,196,20.4,196,55,1,26,0.19,14,3,3
81,20.100000000000001,196,19.0,159,51,1,26,14,14,3,3
551,20.4,196,20.4,196,55,81,27,-,14,3,3
81,20,196,19.0,159,51,81,27,14,14,3,3
55,20.4,196,20.4,196,55,1,27,7.9,14,31,3
551,20.4,196,20.4,196,55,001_17,27,14,14,31,3
551,20.4,196,20.4,196,55,001_17,27,7.9,14,3,3
551,20.4,196,20.4,196,55,001_17,27,.-,14,3,3
55,20.4,196,20.4,196,55,001_17,27,0..15,15,3,3
55,20.4,196,20.4,196,55,001_17,27,0..15,15,3,3
8,20.4,196,10.4,36,28,001_17,27,..-,15,3,3
551,20.4,196,20.4,196,55,001_17,27,.-,15,j1,3
551,20.4,196,20.4,196,55,1,27,0.15,15,31,3
551,20.4,196,20.4,196,55,1,27,0.15,15,3,3
551,20,196,20.4,196,55,001_17,27,15,15,3,3
551,20.4,196,20.4,196,55,1,27,0..15,15,3,3
551,20.4,196,20.4,196,55,001_17,27,0.15,15,31,3
551,20.4,196,20.4,196,55,1,27,15,15,31,3
551,20.4,196,20.4,196,55,001_17,27,15,15,31,3
_551,20,196,20.4,196,55,1,27,15,15,3,3
551,20.4,196,20.4,196,55,001_.7,27,15,15,31,3
551,20.4,196,20.4,196,55,1,27,15,15,3,3
551,20.4,196,20.4,196,55,1,27,0.15,15,3,3
551,20.4,191,20.4,196,55,001_17,27,0.15,15,3,3
55,20.4,196,20.4,196,55,001_17,27,0.15,15,31,3
551,20.4,196,20.4,196,55,001_17,27,0.15,15,3,3
551,20.4,196,20.4,196,55,001_.7,27,0.15,15,3,3
551,20.4,19,20.4,196,55,001_17,27,0.15,15,3,3
8,20.4,19,20.4,196,55,001_.7,27,0.15,15,31,3
81,2c1.4,196,10.4,36,28,001_.7,27,0.15,15,31,3
55,20.4,1196,20.4,196,55,001_._,27,0.15,15,3,3
551,20.4,196,20.4,196,55,1,28,15,15,3,3
551,20.4,196,20.4,196,55,001_.8,28,15,15,31,3
551,20.4,196,20.4,196,55,1,28,15,15,3,3
551,20.4,196,20.4,196,55,001_18,28,15,15,3,3
55,20.4,196,20.4,196,55,001_18,28,15,15,31,3
551,20.4,196,20.4,196,55,001_18,28,15,15,31,3
551,20.4,191,20.4,196,55,1,28,15,15,3,3
55,20.4,196,20.4,196,55,1,28,15,15,j1,3
55,20.4,196,20.4,196,55,001_18,28,15,15,3,3
551,20.4,196,20.4,196,55,001_.8,28,15,15,3,3
551,_,196,20.4,196,55,18,28,15,15,3,3
55,20.4,191,20.4,196,55,128,28,0.15,15,3,3
55,20.4,196,20.4,196,55,001_18,28,0.15,15,31,3
55,20.4,19,20.4,196,55,128,28,0.15,15,3,3
55,20.4,191,20.4,196,55,8128,28,0.15,15,3,3
55,20.4,196,20.4,196,55,001_18,28,.u5,15,3,3
55,20.4,196,20.4,196,55,801,28,0.15,15,31,3
55,20.4,196,20.4,196,55,001_.8,28,15,15,._31,3
55,20.4,196,20.4,196,55,_001_8,28,0.15,15,31,3
55,20.4,196,20.4,196,55,001_.8,28,15,15,31,3
85,20.4,196,20.4,196,55,_001_8,28,15,15,3,3
_55,20.4,19,20.4,196,55,81_.8,28,15,15,3,3
55,20.4,196,20.4,196,55,001_.8,28,0.15,15,3,3
55,20.4,196,20.4,196,55,001_18,28,0.15,15,3,3
551,204,196,20.4,196,55,1,28,15,15,3,3
55,20.4,196,20.4,196,55,1,28,15,15,31,3
55,20.4,_95,20.4,196,55,001_18,28,0.15,15,31,3
56,20.8,205,20.8,205,56,001_18,28,0.15,15,31,3
_56_,20.8,201,20.8,205,56,001_19,29,0.15,15,3,3
56,208,201,20.8,205,56,001_19,29,0.15,15,31,3
56,2c1.8,201,20.8,205,56,001_19,29,0.15,15,31,3
_561,20.8,20,20.8,205,56,001_19,29,0.16,16,31,3
561,20.8,20,20.8,205,56,1,29,0.16,16,3,3
561,20,20,20.8,205,56,001_.9,29,0.16,16,3,3
561,_1c1.9,20,23.1,270,62,1,29,0..16,16,3,3
56,20.8,201,20.8,205,56,001_.9,29,16,16,31,3
561,20.8,201,20.8,205,56,1,29,16,16,31,3
56,20.8,201,20.8,205,56,001_19,29,16,16,3,3
561,20.8,201,20.8,205,56,_001_19,29,16,16,31,3
56,20.8,201,20.8,205,56,001_19,29,16,16,31,3
561,20.8,201,20.8,205,56,-8,29,16,16,__3,3
561,20.8,20,20.8,205,56,-,29,16,16,.___3_,3
56,2c1.e1,20,20.8,205,56,81_19,29,0.16,16,31,3
56,2c1.8,20,20.8,205,56,001_19,29,0.16,16,3,3
56,20.8,201,20.8,205,56,129,29,0.16,16,3,3
56,20.8,201,20.8,205,56,-9,29,16,16,31,3
56,20.8,201,20.8,205,56,-,29,0.16,16,31,3
56,20.8,201,20.8,205,56,-,29,16,16,j1,3
56,20.8,201,20.8,205,56,81_.9,29,0.16,16,31,3
561,20.8,201,20.8,205,56,001_19,29,0.16,16,_1,3
561,20.8,201,20.8,205,56,1,29,0.16,16,3,3
56,20.8,201,20.8,205,56,1,29,16,16,31,3
56,20.8,20,20.8,205,56,1,29,16,16,3,3
56,20.8,201,20.8,205,56,001_19,29,16,16,31,3
56,2c1.8,201,20.8,205,56,81_19,29,16,16,31,3
661,20.8,20,20.8,205,56,001_.9,29,16,16,31,3
56,20.8,201,20.8,205,56,001_19,29,16,16,3,3
561,20.8,20,20.8,205,56,001_1_,29,16,16,3,3
561,20.8,20,20.8,205,56,13,30,16,16,3,3
561,20.8,20,20.8,205,56,130,30,0.16,16,31,3
561,20.8,201,20.8,205,56,130,30,16,16,3,3
56,20.8,201,20.8,205,56,130,30,16,16,31,3
_1,20.8,201,19.0,159,51,130,30,16,16,3,3
561,20.8,20,20.8,205,56,130,30,0.16,16,31,3
861,20.8,201,20.8,205,56,130,30,16,16,31,3
561,20.8,20,20.8,205,56,130,30,0.16,16,3,3
561,20.8,201,20.8,205,56,130,30,16,16,31,3
561,20.8,201,20.8,205,56,130,30,16,16,31,3
561,20.8,201,20.8,205,56,1,30,0.16,16,3,3
561,20.8,201,20.8,205,56,130,30,16,16,31,3
561,2c1.8,201,20.8,205,56,1,30,16,16,3,3
j61,20.8,201,20.8,205,56,1,30,16,16,3,3
561,20.8,201,20.8,205,56,130,30,16,16,3,3
561,20.8,201,20.8,205,56,130,30,16,16,._3_,3
561,20.8,201,20.8,205,56,8130,30,16,16,_1,3
561,20.8,201,20.8,205,56,130,30,0.76,16,.-31,3
561,20.8,201,20.8,205,56,130,30,16,16,.__,3
561,20.8,201,20.8,205,56,130,30,16,16,._3,3
561,2c1.8,201,20.8,205,56,130,30,17,17,3,3
561,20.8,201,20.8,205,56,1,30,17,17,3,3
56,20.8,201,20.8,205,56,130,30,0.17,17,3,3
561,20.8,201,20.8,205,56,130,30,17,17,3,3
561,200.00,201,20.8,205,56,130,30,0.17,17,3,3
56,20.8,20,20.8,205,56,130,30,0.17,17,._3_,3
561,20,201,20.8,205,56,1,30,0.17,17,31,3
561,20.8,201,20.8,205,56,1,30,0.17,17,3,3
561,2c1.8,201,20.8,205,56,1,30,0..17,17,3,3
561,20.8,201,20.8,205,56,001_.-1,31,0.17,17,3,3
561,20.8,201,20.8,205,56,1,31,17,17,3,3
561,20.8,201,20.8,205,56,001_.1,31,17,17,3,3
561,20.8,201,20.8,205,56,131,31,17,17,._.1,3
561,20.8,20,20.8,205,56,-1,31,17,17,31,3
56,20.8,201,20.8,205,56,131,31,17,17,3,3
561,20.8,201,20.8,205,56,1,31,17,17,3,3
561,2c1.e1,201,21.1,214,57,131,31,17,17,3,3
561,20.8,20,20.8,205,56,1,31,17,17,3,3
56,20.8,20,20.8,205,56,131,31,0.17,17,_31,3
56,20.8,201,20.8,205,56,131,31,17,17,31,3
561,20.8,201,20.8,205,56,131,31,0.17,17,j__1,4
561,20.8,20,20.8,205,56,131,31,17,17,41,4
561,20.8,20,20.8,205,56,131,31,0.17,17,41,4
561,20.8,201,20.8,205,56,131,31,0.17,17,41,4
81,20.8,201,19.0,159,51,1,31,0.17,17,._4_,4
861,20.8,201,20.8,205,56,81,31,17,17,41,4
561,20.8,201,20.8,205,56,-1,31,17,17,41,4
561,20.8,201,20.8,205,56,131,31,17,17,4,4
_1,20.8,201,19.0,159,51,-1,31,0.17,17,4,4
81,20.8,201,19.0,159,51,-1,31,17,17,4,4
561,20.8,201,20.8,205,56,1,31,17,17,41,4
561,20.8,201,20.8,205,56,81,31,17,17,9,4
561,2c1.8,201,20.8,205,56,1,31,17,17,j1,4
561,20,201,20.8,205,56,1,31,17,17,41,4
5,20.8,201,20.8,205,56,131,31,0.17,17,41,4
_1,2c1.8,201,19.0,159,51,131,31,17,17,4,4
5-11,2_1.2,201,21.1,214,57,131,31,0.17,17,4,4
5-11,21.2,211.1,21.1,214,57,131,31,17,17,j1,4
5-11,21.2,2111,21.1,214,57,1,31,0.17,17,4,4
5-11,21.._1,211,21.1,214,57,131,31,0.17,17,41,4
5-11,21.2,211,21.1,214,57,001__1,31,0.17,17,4,4
5-1_,21.2,211,21.1,214,57,001__1,31,0.17,17,4,4
5-11,21.2,211.1,21.1,214,57,_001__1,31,0.17,17,41,4
571,21.2,211,21.1,214,57,001__1,31,17,17,41,4
5-11,21.2,211.1,21.1,214,57,001__1,32,17,17,4,4
5-11,21.2,211,21.1,214,57,132,32,17,17,4,4
__6-11,21.2,211,22.7,256,61,13,32,17,17,4,4
5-11,21.2,211,21.1,214,57,13,32,17,17,4,4
5,21.2,211,21.1,214,57,001__1,32,17,17,4,4
571,21.2,211,21.1,214,57,001__1,32,17,17,41,4
571,21.2,211,21.1,214,57,_00132,32,0.17,17,41,4
5-11,21.2,211,21.1,214,57,001__1,32,18,18,41,4
571,21.2,211...1,21.1,214,57,81__1,32,0.18,18,j1,4
_1,21.2,211,22.7,256,61,0,32,0.18,18,91,4
57,21.2,211,21.1,214,57,81,32,0.18,18,41,4
571,21.2,211,21.1,214,57,001__1,32,18,18,41,4
5-11,21.2,211,21.1,214,57,132,32,18,18,4,4
571,21.2,211,21.1,214,57,-2,32,18,18,41,4
571,21.2,211...1.,21.1,214,57,1,32,0.18,18,41,4
57,21.2,211-1-,21.1,214,57,132,32,18,18,4,4
5-11,21,211...1,21.1,214,57,81,32,18,18,41,4
571,21,211.09999999999999,21.1,214,57,001__1,32,18,18,41,4
57,21.2,211.09999999999999,21.1,214,57,001__1,32,18,18,41,4
5-11,21.2,211.09999999999999,21.1,214,57,001__1,32,0.18,18,41,4
571,21.2,211..1-,21.1,214,57,13,32,18,18,._,4
5-11,21.2,211,21.1,214,57,1,32,18,18,4,4
5_11,21.3,21.1,21.1,214,57,132,32,18,18,4,4
591,21.9,23.1,21.9,233,59,001__1,32,0.18,18,4,4
5,21,23,21.9,233,59,13,32,18,18,4,4
5,21.9,23,21.9,233,59,13,32,18,18,41,4
59,21.9,23,21.9,233,59,13,33,0.18,18,41,4
59,21.9,23,21.9,233,59,133,33,0.18,18,41,4
591,21.9,23,21.9,233,59,133,33,0.18,18,4,4
591,21.9,23,21.9,233,59,133,33,18,18,41,4
591,21.9,231,21.9,233,59,1,33,18,18,41,4
591,21.9,23,21.9,233,59,8133,33,18,18,41,4
5,21.9,23,21.9,233,59,1,33,18,18,41,4
591,21.9,23,21.9,233,59,133,33,18,18,4,4
591,21.9,23_1-,21.9,233,59,1,33,18,18,41,4
591,21.9,23,21.9,233,59,133,33,18,18,41,4
591,21.3,23,21.9,233,59,1,33,18,18,__41,4
j81,21.9,23,10.4,36,28,1,33,18,18,_41,4
59,21.9,23,21.9,233,59,133,33,0.18,18,0.41,4
591,21.9,23,21.9,233,59,1,33,18,18,j1,4
5,21,23,21.9,233,59,133,33,18,18,_1,4
59,___1.9,233,21.9,233,59,133,33,0.18,18,_1,4
591,21.9,233,21.9,233,59,133,33,0..18,18,__4_,4
59,21.9,23,21.9,233,59,133,33,0.18,18,___41,4
59,21.3,23,21.9,233,59,133,33,0.18,18,4,4
59,21,23,21.9,233,59,133,33,0.18,18,4,4
591,21.9,23,21.9,233,59,1,33,0.18,18,4,4
59,21.9,23,21.9,233,59,_00133,33,0.18,18,1,4
5,21,23,21.9,233,59,1,33,0.18,18,j1,4
59,21.9,23,21.9,233,59,1,33,0.18,18,41,4
59,21.9,23,21.9,233,59,1,33,19,19,91,4
5,2.1000000000000001,23,21.9,233,59,1,33,19,19,41,4
60,2_.3,2-1_,22.3,242,60,81,33,19,19,4,4
601,22.3,21-1_,22.3,242,60,1,33,19,19,9.1,4
601,22.3,21-187,22.3,242,60,1,33,19,19,_41,4
60,22.3,21_8_,22.3,242,60,13,33,0.19,19,j1,4
6,22,21-11_,22.7,256,61,134,34,0.19,19,91,4
601,22.3,21_1_,22.3,242,60,1,34,0..19,19,4,4
6c11,22.3,21-18_,22.7,256,61,_00134,34,0.19,19,._41,4
60,22.3,21-11_,22.3,242,60,8,34,0.19,19,._41,4
60,22.3,21_8_1,22.3,242,60,134,34,0.19,19,_41,4
6c11,22.3,21_8_,22.7,256,61,-_,34,19,19,j__1,4
601,22.3,21-11_,22.3,242,60,8134,34,0.19,19,91,4
601,22.3,21-11_,22.3,242,60,-,34,0.19,19,41,4
6,22,21-11_,22.7,256,61,-_,34,0.19,19,41,4
801,22.3,21-11_,22.3,242,60,-4,34,0.19,19,._41,4
601,22.3,21-11_,22.3,242,60,-,34,0.19,19,91,4
60,22.3,21-18_,22.3,242,60,81,34,19,19,4,4
6c11,22.3,21_8_,22.7,256,61,134,34,0.19,19,41,4
601,22.3,21-11_,22.3,242,60,134,34,19,19,41,4
601,22.3,21-18_,22.3,242,60,134,34,19,19,41,4
601,22.3,21-18_,22.3,242,60,1,34,19,19,41,4
6,22.3,21-1.7,22.7,256,61,134,34,0.19,19,0.11,4
601,22.3,21-1._,22.3,242,60,134,34,0.19,19,41,4
6c11,22.3,21-1._,22.7,256,61,134,34,0.19,19,._41,4
601,22.3,21-1._,22.3,242,60,134,34,0.19,19,_4_,4
6c11,22,21-18_,22.7,256,61,134,34,0.19,19,4,4
601,22,21-18_,22.3,242,60,8134,34,0.19,19,41,4
601,22.3,21-1._,22.3,242,60,134,34,0.19,19,41,4
6c1_,22.3,21-1._,22.7,256,61,134,34,19,19,4,4
601,22,21-1._,22.3,242,60,134,34,0.19,19,4,4
60,22.3,21-18_,22.3,242,60,134,34,19,19,4,4
60,22.3,21-18_,22.3,242,60,0,34,19,19,j1,4
60,22.3,21-1._,22.3,242,60,-,34,19,19,.-4_,4
6c11,22.3,21-18_,22.7,256,61,1,35,19,19,41,4
601,22.3,21-18_,22.3,242,60,13,35,19,19,41,4
601,22.3,21-1._,22.3,242,60,135,35,19,19,4,4
60,22.3,21-1._,22.3,242,60,135,35,19,19,4,4
6,22,21-1._,22.3,242,60,135,35,0.19,19,41,4
601,22.3,21-18_,22.3,242,60,1,35,0.19,19,41,4
601,22.3,21-18_,22.3,242,60,1,35,0.19,19,y1,4
601,22.3,21-1._,22.3,242,60,1,35,0.19,19,4,4
6c11,22.3,21-18_,22.7,256,61,135,35,0.19,19,_1,4
601,22.3,21-18_,22.3,242,60,135,35,19,19,41,4
60,2,21-1._,22.3,242,60,135,35,0.19,19,41,4
60,22.3,21-18_,22.3,242,60,1,35,19,19,91,4
6,22,21-1._,22.3,242,60,135,35,0.10000000000000001,19,j_1,4
60,22.3,21-1._,22.3,242,60,135,35,0.20,20,4,4
601,22.3,21-1._-,22.3,242,60,1,35,0.20,20,41,4
601,22.3,21-1._-,22.3,242,60,1,35,0.20,20,4,4
601,22.3,21-1._,22.3,242,60,1,35,0.20,20,41,4
-601,22.3,21-1._,22.3,242,60,1,35,20,20,j1,4
601,22.3,21-1._,22.3,242,60,001_.5,35,20,20,____1,4
601,22.3,21-18_,22.3,242,60,135,35,20,20,_41,4
6,22,21-11_,22.7,256,61,-6,35,20,20,91,4
601,22.3,21-1._,22.3,242,60,8135,35,20,20,91,4
601,22.3,21-1._,22.3,242,60,-,35,20,20,.___41,4
601,22.3,21-1._,22.3,242,60,1,35,20,20,j1,4
6,22.3,21___,22.7,256,61,-5,35,20,20,0.91,4
6,22.3,21_8_,22.7,256,61,81,35,20,20,j1,4
6,22,21-1__,22.7,256,61,135,35,20,20,j1,4
__621,23.1,271,23.1,270,62,135,35,20,20,j1,4
621,23.1,271,23.1,270,62,135,35,20,20,j1,4
81,23.1,2717,14.1,74,38,135,35,20,20,j1,4
621,23.1,2717,23.1,270,62,1,35,20,20,41,4
62,23.1,2717,23.1,270,62,-,36,20,20,4,4
621,23.1,2717,23.1,270,62,-6,36,0.20,20,4,4
62,23.1,2717,23.1,270,62,6,36,20,20,91,4
62,23.1,2717,23.1,270,62,1,36,20,20,j1,4
62,23.1,270,23.1,270,62,1,36,20,20,y1,4
621,23.1,2717,23.1,270,62,1,36,20,20,4,4
8,23.1,2717,14.1,74,38,1,36,20,20,11,4
621,23.1,2717,23.1,270,62,-,36,20,20,j1,4
62,23.1,2717,23.1,270,62,136,36,20,20,41,4
62,23.1,2717,23.1,270,62,-,36,20,20,._41,4
62,23.1,2717,23.1,270,62,136,36,20,20,41,4
62,23.1,2717,23.1,270,62,136,36,0.20,20,0.11,4
621,23.1,2717,23.1,270,62,136,36,0.20,20,._61,4
621,23.1,271,23.1,270,62,136,36,0.20,20,_51,4
621,23.1,2717,23.1,270,62,136,36,20,20,.j1,4
62,23.1,2717,23.1,270,62,136,36,0.20,20,0.10000000000000001,4
62,23.1,2717,23.1,270,62,136,36,0.20,20,0.61,5
62,23.1,2717,23.1,270,62,81,36,0.20,20,51,5
8,23.1,2717,14.1,74,38,136,36,0.20,20,51,5
62,23.1,2717,23.1,270,62,1,36,0.20,20,51,5
62,23.1,2717,23.1,270,62,136,36,0.20,20,51,5
621,_3.1,277,23.1,270,62,1,36,0.20,20,__.1,5
62,23.1,277,23.1,270,62,136,36,0.20,20,5,5
621,23.1,277,23.1,270,62,136,36,20,20,51,5
621,23.1,277,23.1,270,62,136,36,21,21,j_1,5
6,23,2711,23.1,270,62,_00136,36,21,21,51,5
6,2,2811,22.7,256,61,136,36,21,21,51,5
631,23,2811,23.4,284,63,-6,36,21,21,5,5
j31,23,281,23.4,284,63,1,36,0.20999999999999999,21,8.1,5
6,23.4,281.1,23.4,284,63,-_,36,0.21,21,51,5
631,23.4,281,23.4,284,63,-,37,0.20999999999999999,21,5,5
63,23.4,281,23.4,284,63,137,37,0.21,21,51,5
631,23.4,281,23.4,284,63,-,37,0.21,21,5,5
63,23.4,281,23.4,284,63,-,37,0.21,21,5,5
63,23.4,281,23.4,284,63,137,37,0.21,21,51,5
631,23.4,281.10000000000002,23.4,284,63,1,37,0.27,21,5,5
631,23.4,281.10000000000002,23.4,284,63,1,37,0.21,21,j1,5
6,23.4,281.1,23.4,284,63,1,37,0,21,51,5
63,23.4,281.1,23.4,284,63,001_17,37,21,21,0.11,5
63,23.4,281,23.4,284,63,1,37,0.21,21,_5_,5
63,23.4,281,23.4,284,63,137,37,21,21,5,5
63,23.4,281,23.4,284,63,1,37,0.21,21,5,5
81,23.4,281,15.2,89,41,137,37,21,21,5,5
63,23,281.1,23.4,284,63,137,37,0.21,21,5,5
63,23.4,281,23.4,284,63,1,37,0.21,21,5,5
6,23.4,281.1,23.4,284,63,137,37,0.21,21,5,5
63,23.4,281.1,23.4,284,63,137,37,21,21,5,5
63,23.4,281,23.4,284,63,137,37,21,21,5,5
63,23.4,281.1,23.4,284,63,137,37,21,21,5,5
63,23.4,281,23.4,284,63,137,37,0.21,21,51,5
63,23.4,281,23.4,284,63,137,37,0.21,21,5,5
63,23.4,281,23.4,284,63,137,37,21,21,5,5
63,23.4,281,23.4,284,63,137,37,21,21,5,5
6,23.4,281.10000000000002,23.4,284,63,81,37,0.21,21,51,5
6,23.4,281-1.,23.4,284,63,137,37,0.21,21,51,5
641,23.4,281-1-,23.8,298,64,1,37,21,21,5,5
641,23.8,29111,23.8,298,64,137,37,21,21,5,5
641,23.8,291_1.,23.8,298,64,1,37,2.1,21,5,5
641,23.8,2911,23.8,298,64,137,37,0.21,21,5,5
64,23.8,291,23.8,298,64,137,37,21,21,51,5
641,23.8,291,23.8,298,64,139,38,.-,21,51,5
6,23.8,291,23.8,298,64,_00138,38,21,21,5,5
_1,23.8,291,15.2,89,41,80138,38,21,21,51,5
64,23.8,29,23.8,298,64,138,38,21,21,51,5
641,23.8,291,23.8,298,64,138,38,21,21,51,5
_1,23.8,291_1-,15.2,89,41,138,38,21,21,51,5
841,23.8,291,23.8,298,64,138,38,0.20000000000000001,21,5,5
64,23.8,291_..,23.8,298,64,138,38,22,22,51,5
641,23,291,23.8,298,64,138,38,22,22,51,5
6,23.8,291,23.8,298,64,1,38,0.22,22,51,5
0.841,23.8,2917,23.8,298,64,138,38,0.22,22,5,5
64,23.8,291,23.8,298,64,1,38,22,22,5,5
641,23.8,291,23.8,298,64,138,38,22,22,5,5
64,23,291,23.8,298,64,001_.8,38,0.22,22,51,5
64,23.8,291,23.8,298,64,1,38,0.22,22,5,5
641,23.8,291,23.8,298,64,138,38,22,22,5,5
641,23.8,291,23.8,298,64,138,38,22,22,5,5
6,23.8,2911,23.8,298,64,138,38,22,22,5,5
81,23.8,291,15.2,89,41,138,38,22,22,5,5
641,23.8,291,23.8,298,64,138,38,0.22,22,5,5
64,23.8,291,23.8,298,64,138,38,0.22,22,.-61,5
64,23.8,291,23.8,298,64,138,38,0.22,22,51,5
81,23.8,291,15.2,89,41,138,38,_0.22,22,51,5
641,23.8,291,23.8,298,64,138,38,0.22,22,51,5
6,2_.2,_3_-,24.2,313,65,138,38,-0.22,22,51,5
6,24.2,31,24.2,313,65,1,38,0.22,22,51,5
65,24.2,311,24.2,313,65,1,38,0.22,22,-61,5
651,24.2,31,24.2,313,65,1,38,0.22,22,5,5
651,24.2,31,24.2,313,65,81,39,0.22,22,5,5
651,24.2,31,24.2,313,65,1,39,0.22,22,5,5
651,24.2,31,24.2,313,65,1,39,0.22,22,51,5
651,24.2,31,24.2,313,65,1,39,0.22,22,5,5
65,24.2,31,24.2,313,65,139,39,22,22,5,5
6,24.2,31,24.2,313,65,1,39,0.22,22,5,5
651,24.2,31_1..,24.2,313,65,139,39,0.22,22,.-51,5
65,24.2,31,24.2,313,65,139,39,22,22,5,5
65,24.2,31,24.2,313,65,139,39,22,22,51,5
65,24.2,31,24.2,313,65,139,39,0.22,22,0.11,5
651,24.2,31,24.2,313,65,139,39,0.22,22,5,5
651,24.2,31,24.2,313,65,139,39,0.22,22,5,5
651,24.2,31,24.2,313,65,139,39,0.22,22,5,5
_6_1,24.2,31,24.2,313,65,1,39,0.22,22,5,5
651,24.2,31,24.2,313,65,139,39,0.22,22,5,5
65,24.2,31,24.2,313,65,1,39,0.22,22,5,5
651,24.2,31,24.2,313,65,1,39,22,22,51,5
651,24.2,31,24.2,313,65,1,39,22,22,51,5
651,24.2,31,24.2,313,65,139,39,22,22,51,5
651,24.2,31,24.2,313,65,139,39,22,22,___51,5
651,24.2,31,24.2,313,65,139,39,22,22,5,5
6,24.2,313,24.2,313,65,-_,39,22,22,5,5
651,24.2,31,24.2,313,65,139,39,22,22,51,5
651,24.2,31,24.2,313,65,8139,39,22,22,51,5
81,24.2,31,10.4,36,28,139,39,0.20000000000000001,22,5,5
651,24.2,31,24.2,313,65,139,39,0.23,23,5,5
651,24.2,31,24.2,313,65,139,39,23,23,5,5
65,24.2,31,24.2,313,65,139,39,0.23,23,5,5
81,24.2,31,10.4,36,28,139,39,23,23,5,5
861,24.2,31,24.2,313,65,1,39,0.23,23,5,5
651,24.2,31,24.2,313,65,14,40,0.23,23,51,5
651,24.2,31,24.2,313,65,1,40,0.23,23,5,5
65,24.2,31,24.2,313,65,1,40,0.23,23,5,5
651,24.2,31,24.2,313,65,1,40,0.23,23,0.59999999999999998,5
861,24.2,31,24.2,313,65,140,40,0.23,23,61,5
81,24.2,31,10.4,36,28,140,40,d_23,23,j1,5
91,24.2,31,18.2,143,49,140,40,0.23,23,j1,5
90,24.2,313,18.2,143,49,140,40,0.23,23,51,5
_651,24.2,31,24.2,313,65,140,40,823,23,51,5
81,24.2,31,10.4,36,28,140,40,0.23,23,5,5
651,24.2,31,24.2,313,65,140,40,0.23,23,5,5
651,24.2,31,24.2,313,65,140,40,0.23,23,5,5
_651,24.2,31,24.2,313,65,140,40,23,23,51,5
651,24.2,31,24.2,313,65,140,40,23,23,6,6
65,24.2,31,24.2,313,65,140,40,23,23,6,6
6,24.2,31,24.2,313,65,140,40,23,23,6,6
65,24.2,31,24.2,313,65,140,40,23,23,61,6
651,24.2,31,24.2,313,65,140,40,23,23,6,6
651,24.2,31,24.2,313,65,_00140,40,0.23,23,6,6
651,24.2,31,24.2,313,65,1,40,23,23,6,6
651,24.2,31,24.2,313,65,81,40,23,23,61,6
651,24.2,31,24.2,313,65,1,40,0.23,23,61,6
651,24.2,31,24.2,313,65,8140,40,0.23,23,6,6
6,24.2,31,24.2,313,65,-,40,0.23,23,6,6
361,24.2,31,24.2,313,65,_00140,40,0.23,23,61,6
861,24.2,31,24.2,313,65,140,40,0.23,23,6,6
_851,24.2,31,24.2,313,65,140,40,0.23,23,-6,6
_1,24.2,31,24.2,313,65,1,40,0.23,23,61,6
65,24.2,31,24.2,313,65,1,40,0.23,23,61,6
__651,24.2,31,24.2,313,65,14,40,0.23,23,6,6
651,24.2,31,24.2,313,65,001_.1,41,23,23,6,6
6,24.2,31,24.2,313,65,141,41,0.23,23,6,6
6,__4.2,31,24.2,313,65,141,41,3,23,6,6
651,24.2,31,24.2,313,65,141,41,0.23,23,6,6
651,24,31,24.2,313,65,141,41,0.23,23,6,6
651,24.2,31,24.2,313,65,1,41,0.24,24,6,6
651,24.2,31,24.2,313,65,141,41,0.24,24,61,6
6,24.2,31,24.2,313,65,1,41,0.24,24,61,6
651,24.2,31,24.2,313,65,141,41,-0.24,24,61,6
6,24.2,31,24.2,313,65,141,41,24,24,6,6
651,24.2,31,24.2,313,65,141,41,24,24,61,6
_-651,24.2,31,24.2,313,65,141,41,24,24,61,6
65,24.2,31,24.2,313,65,141,41,0.24,24,61,6
651,24.2,31,24.2,313,65,141,41,24,24,61,6
651,24.2,31,24.2,313,65,141,41,0.24,24,_61,6
65,24.2,31,24.2,313,65,141,41,0.24,24,6,6
65,24.2,31,24.2,313,65,141,41,24,24,61,6
6,24.2,31,24.2,313,65,141,41,24,24,6,6
65,24.2,31,24.2,313,65,141,41,24,24,61,6
65,24.2,31,24.2,313,65,1,41,0.24,24,6,6
65,24.2,31,24.2,313,65,141,41,0.24,24,6,6
65,24.2,31,24.2,313,65,1,41,0.24,24,6,6
65,24.2,31,24.2,313,65,141,41,0.24,24,61,6
65,24.2,31,24.2,313,65,1,41,24,24,6,6
65,24.2,31,24.2,313,65,1,41,24,24,6,6
65,24.2,31,24.2,313,65,1,41,24,24,61,6
65,24,31,24.2,313,65,141,41,24,24,61,6
65,24.2,31,24.2,313,65,141,41,0.24,24,61,6
65,24,31,24.2,313,65,141,41,24,24,61,6
65,24.2,31,24.2,313,65,141,41,24,24,61,6
65,24.2,31,24.2,313,65,14,41,24,24,.j_,6
6,24.2,31,24.2,313,65,14,41,24,24,0.10000000000000001,6
6,24.2,31,24.2,313,65,14,41,29,24,j1,6
6,24.2,31,24.2,313,65,14,41,0.24,24,_1,6
651,24.2,31,24.2,313,65,14,41,0.24,24,61,6
65,24.2,31,24.2,313,65,-_1,41,24,24,._61,6
651,24.2,31,24.2,313,65,14,41,24,24,61,6
651,24.2,317,24.2,313,65,-_1,42,24,24,61,6
65,24.2,31,24.2,313,65,-_1,42,0.24,24,d__1,6
6,24.2,31,24.2,313,65,-,42,0.24,24,._61,6
6,24.2,31,24.2,313,65,-_1,42,0.24,24,0.80000000000000004,6
6,24.2,31,24.2,313,65,001__1,42,24,24,_.1,6
651,24.2,31,24.2,313,65,_001__1,42,24,24,61,6
651,24.2,31,24.2,313,65,0,42,24,24,_.1,6
651,24.2,31,24.2,313,65,14,42,24,24,j1,6
651,24.2,317,24.2,313,65,-,42,24,24,6,6
651,8,31,18.6,150,50,-,42,0.24,24,_61,6
65,24.2,31,24.2,313,65,-_1,42,24,24,61,6
81,24.2,31,10.4,36,28,-,42,24,24,61,6
6,24.2,31,24.2,313,65,-_,42,24,24,61,6
_65_,24.2,31,24.2,313,65,_00142,42,0.24,24,61,6
65,24.2,31,24.2,313,65,-,42,0.24,24,6,6
651,_4.2,317,24.2,313,65,-2,42,0.25,25,6,6
65,24,317,24.2,313,65,-,42,0.25,25,61,6
651,24.2,31,24.2,313,65,-_,42,25,25,8,6
6,24.2,317,24.2,313,65,-,42,0.25,25,6,6
_65_,24.2,31,24.2,313,65,-,42,0.25,25,6,6
65,24.2,31,24.2,313,65,-_1,42,0.25,25,61,6
65,24.2,31,24.2,313,65,_0014_1,42,0.25,25,__61,6
65,24.2,31,24.2,313,65,-_1,42,25,25,d___,6
65,24.2,317,24.2,313,65,14,42,25,25,61,6
65,24.2,317,24.2,313,65,143,43,0.25,25,_6_,6
65,24.2,31,24.2,313,65,143,43,25,25,.-61,6
6,24.2,31,24.2,313,65,-,43,25,25,11,6
651,24.2,31,24.2,313,65,143,43,25,25,6,6
651,24.2,31,24.2,313,65,143,43,25,25,61,6
651,24.2,31,24.2,313,65,143,43,25,25,6,6
651,24.2,31,24.2,313,65,143,43,25,25,6,6
651,24.2,31,24.2,313,65,-,43,25,25,61,6
_651,24.2,317,24.2,313,65,_00143,43,25,25,0.81,6
_1,24.2,31,24.2,313,65,143,43,25,25,.j1,6
6,24.2,31,24.2,313,65,0.00143,43,25,25,j1,6
651,24.2,31,24.2,313,65,143,43,0,25,._61,6
65,24.2,31,24.2,313,65,_001_3,43,25,25,61,6
-651,24.2,317,24.2,313,65,-3,43,25,25,_61,6
961,24.2,31,24.2,313,65,1,43,25,25,61,6
_651,_4.2,31,24.2,313,65,1,43,25,25,61,6
651,24.2,317,24.2,313,65,1,43,25,25,61,6
651,24.2,31,24.2,313,65,1,43,25,25,61,6
6,24.2,317,24.2,313,65,143,43,0.25,25,61,6
_1,24.2,31,24.2,313,65,143,43,0.25,25,61,6
je_,24.2,31,24.2,313,65,143,43,0.25,25,0.11,6
81,24.2,317,10.4,36,28,143,43,25,25,6,6
651,24.2,31,24.2,313,65,143,43,25,25,61,6
6_.1,24.2,317,24.2,313,65,143,43,25,25,6,6
651,24.2,317,24.2,313,65,143,43,25,25,61,6
6_11,24.2,31,24.2,313,65,143,43,25,25,6,6
651,24.2,317,24.2,313,65,143,43,0.25,25,61,6
_1,24.2,31,24.2,313,65,-3,43,25,25,6,6
_1,24.2,31,24.2,313,65,141,43,0.25,25,61,6
651,24.2,31,24.2,313,65,144,44,25,25,6,6
651,24.2,31,24.2,313,65,1,44,25,25,61,6
651,24.2,31,24.2,313,65,1,44,25,25,_61,6
65,24.2,317,24.2,313,65,1,44,25,25,_61,6
__651,24.2,31,24.2,313,65,144,44,26,26,6,6
651,24.2,31,24.2,313,65,-,44,26,26,61,6
651,24.2,31,24.2,313,65,144,44,26,26,61,6
651,24.2,31_1_,24.2,313,65,144,44,0.26,26,61,6
651,24.2,31,24.2,313,65,144,44,0.26,26,6,6
651,24.2,31,24.2,313,65,144,44,26,26,8__1,6
651,24.2,31,24.2,313,65,1,44,0.26,26,6,6
651,24.2,317,24.2,313,65,144,44,0.26,26,6,6
651,24.2,31,24.2,313,65,144,44,0.26,26,j_,7
651,24.2,31,24.2,313,65,144,44,0.26,26,71,7
65,24.2,31,24.2,313,65,144,44,0.26,26,7,7
651,24.2,31,24.2,313,65,14,44,0.26,26,71,7
651,24.2,317,24.2,313,65,144,44,0.26,26,7,7
81,24.2,31,10.4,36,28,001_l1,44,0.26,26,7,7
65,24.2,31,24.2,313,65,144,44,0.26,26,71,7
65,24.2,31,24.2,313,65,1,44,0.26,26,7,7
j51,24.2,31,24.2,313,65,144,44,26,26,7,7
6,24,317,24.2,313,65,144,44,26,26,7,7
651,24.2,311,24.2,313,65,144,44,26,26,7,7
651,24,31,24.2,313,65,144,44,26,26,7,7
_1,24,3,24.5,327,66,144,44,26,26,71,7
661,24,327,24.5,327,66,144,44,26,26,7,7
_861,24.5,32,24.5,327,66,144,44,26,26,7,7
661,24.5,327,24.5,327,66,_00144,44,26,26,71,7
60,24.5,327,24.5,327,66,14,44,26,26,71,7
60,24.5,327,24.5,327,66,14,44,0.26,26,j_,7
66,24.5,327,24.5,327,66,145,45,26,26,j_1,7
66,24.5,32,24.5,327,66,145,45,26,26,71,7
661,24.5,327,24.5,327,66,145,45,26,26,_1,7
661,24.5,327,24.5,327,66,145,45,26,26,__7_,7
66,24.5,327,24.5,327,66,145,45,26,26,_71,7
66,24.5,327,24.5,327,66,1,45,26,26,71,7
66,24.5,327,24.5,327,66,1,45,0.26000000000000001,26,71,7
661,24.5,327,24.5,327,66,1,45,0.26,26,71,7
661,24.5,327,24.5,327,66,145,45,0.26,26,_1,7
6,24.5,327,24.5,327,66,8145,45,0.26,26,.__7_,7
66,24.5,327,24.5,327,66,145,45,0.26,26,-71,7
661,24,327,24.5,327,66,-,45,0.26,26,_1,7
661,24.5,327,24.5,327,66,-,45,0.26,26,71,7
661,24.5,327,24.5,327,66,-,45,0.26,26,71,7
661,24.5,327,24.5,327,66,145,45,0.26,26,__7_,7
60,24.5,327,24.5,327,66,145,45,0.27,27,7,7
60,24.5,32,24.5,327,66,145,45,27,27,7,7
6e.1,24.5,327,24.5,327,66,145,45,0.27,27,7,7
661,24.5,327,24.5,327,66,145,45,27,27,7,7
661,24.5,327,24.5,327,66,145,45,0.27,27,7,7
661,24.5,327,24.5,327,66,145,45,0.27,27,7,7
661,24.5,327,24.5,327,66,1,45,0.27,27,___7_,7
661,24.5,327,24.5,327,66,1,45,0.27,27,71,7
60,24.5,327,24.5,327,66,1,45,27,27,71,7
60,24.5,327,24.5,327,66,145,45,27,27,71,7
6,24.5,32,24.5,327,66,-,45,27,27,_1,7
j61,24.5,327,24.5,327,66,145,45,27,27,7,7
661,24.5,327,24.5,327,66,145,45,27,27,j1,7
66,24.5,327,24.5,327,66,-5,45,27,27,j1,7
661,24.5,327,24.5,327,66,-,45,27,27,.___71,7
66,24.5,327,24.5,327,66,-,46,0.27,27,7,7
661,24.5,327,24.5,327,66,_00146,46,27,27,j,7
66,24.5,327,24.5,327,66,146,46,27,27,j1,7
66,24.5,327,24.5,327,66,8146,46,27,27,j_1,7
661,24.5,327,24.5,327,66,146,46,27,27,_1,7
661,24.5,327,24.5,327,66,146,46,0.27,27,7,7
661,24.5,327,24.5,327,66,146,46,27,27,j__,7
86,24.5,327,24.5,327,66,146,46,0.27,27,71,7
661,24.5,327,24.5,327,66,1,46,27,27,_1,7
66,24.5,327,24.5,327,66,1,46,0.27,27,71,7
661,24.5,327,24.5,327,66,1,46,0.27,27,71,7
9,24.5,327,18.2,143,49,1,46,0.27,27,7,7
81,24.5,327,10.4,36,28,146,46,0.27,27,7,7
66,24.5,327,24.5,327,66,146,46,27,27,7,7
661,24.5,327,24.5,327,66,146,46,0.27,27,71,7
661,24.5,327,24.5,327,66,146,46,27,27,71,7
661,24.5,327,24.5,327,66,146,46,27,27,71,7
66,24.5,321,24.5,327,66,146,46,27,27,7,7
66,24.5,327,24.5,327,66,146,46,27,27,71,7
6,24.5,327,24.5,327,66,146,46,0.27,27,71,7
661,24.5,327,24.5,327,66,146,46,27,27,71,7
j61,24.5,327,24.5,327,66,146,46,27,27,71,7
661,24,327,24.5,327,66,146,46,27,27,j1,7
651,24,387,24.2,313,65,146,46,27,27,-71,7
651,24.2,31,24.2,313,65,146,46,27,27,71,7
651,24.2,31,24.2,313,65,146,46,0.27,27,7,7
65,24.2,31,24.2,313,65,146,46,0.27,27,71,7
6,24.2,31,24.2,313,65,146,46,0.27,27,_1,7
65,24.2,31,24.2,313,65,14,46,27,27,__,7
_651,24.2,31,24.2,313,65,147,47,0.27,27,__1,7
651,24.2,31,24.2,313,65,147,47,27,27,_1,7
_1,24.2,31,24.2,313,65,1,47,27,27,_1,7
_1,24...2,31,24.2,313,65,147,47,27,27,j1,7
65,24.2,31,24.2,313,65,147,47,2,27,j_1,7
651,24.2,31,24.2,313,65,147,47,0.28,28,j1,7
j61,24.2,31,24.2,313,65,147,47,0.28,28,71,7
j61,24.2,31,24.2,313,65,147,47,0.28,28,71,7
651,24.2,31,24.2,313,65,147,47,0.28,28,71,7
_61,24.2,31,24.2,313,65,147,47,0.28,28,71,7
_651,24,317,24.2,313,65,147,47,0.28,28,71,7
651,24.2,31,24.2,313,65,147,47,28,28,j__1,7
6,24.2,31,24.2,313,65,1,47,0.28,28,7,7
651,24.2,31,24.2,313,65,147,47,28,28,7,7
651,24.2,31,24.2,313,65,1,47,0.28,28,8,8
6,24.2,31,24.2,313,65,147,47,0.28,28,8,8
6,24.2,31,24.2,313,65,1,47,28,28,d_1,8
6,24.2,31,24.2,313,65,147,47,28,28,8,8
j61,24.2,31,24.2,313,65,147,47,28,28,8,8
6,24.2,31,24.2,313,65,147,47,28,28,81,8
6,24.2,31,24.2,313,65,147,47,28,28,81,8
6,24.2,31,24.2,313,65,1,47,28,28,81,8
6,24.2,31,24.2,313,65,147,47,28,28,81,8
651,24.2,31,24.2,313,65,147,47,28,28,j1,8
651,24.2,31,24.2,313,65,147,47,28,28,._8_,8
6,24.2,31,24.2,313,65,847,47,28,28,8,8
6,24.2,31,24.2,313,65,147,47,28,28,0.81,8
6,24.2,31,24.2,313,65,147,47,28,28,81,8
6,24.2,31,24.2,313,65,147,47,28,28,81,8
651,24.2,31,24.2,313,65,147,47,0.28,28,8,8
651,24.2,31,24.2,313,65,-,48,0.28,28,0.81,8
651,24.2,31,24.2,313,65,1,48,28,28,8,8
651,24.2,31,24.2,313,65,1,48,28,28,8,8
__1,24.2,31,24.2,313,65,148,48,28,28,81,8
6,24.2,31,24.2,313,65,1,48,28,28,8,8
6,24.2,31,24.2,313,65,148,48,28,28,8,8
651,24.2,31,24.2,313,65,148,48,28,28,81,8
651,24.2,31,24.2,313,65,1,48,0.28,28,_81,8
651,24.2,31,24.2,313,65,148,48,28,28,8,8
651,24.2,311,24.2,313,65,148,48,28,28,_8_,8
651,2412,31,24.2,313,65,148,48,0.28,28,_81,8
6,24.2,31,24.2,313,65,148,48,28,28,81,8
6_.1,24.2,31,24.2,313,65,148,48,0.28,28,81,8
651,24.2,31,24.2,313,65,148,48,28,28,8,8
651,24.2,31,24.2,313,65,148,48,28,28,j1,8
651,24.2,31,24.2,313,65,148,48,28,28,81,8
65,24.2,31,24.2,313,65,-,48,0.28,28,0.81,8
6,24.2,31,24.2,313,65,-8,48,28,28,81,8
8,24.2,31,10.4,36,28,1,48,28,28,81,8
65,24.2,31,24.2,313,65,-8,48,28,28,81,8
8,24.2,31,10.4,36,28,8,48,29,29,8,8
_8_1,24.2,31,10.4,36,28,148,48,29,29,_8_,8
6,24.2,31,24.2,313,65,8148,48,29,29,8,8
65,24.2,31,24.2,313,65,8148,48,29,29,__8_,8
65,24.2,31,24.2,313,65,8,48,29,29,0.8,8
6,24.2,31,24.2,313,65,-,48,29,29,8,8
85,u._,31,24.2,313,65,-8,48,29,29,j1,8
_1,24.2,31,24.2,313,65,148,48,29,29,_81,8
_1,24.2,31,24.2,313,65,9,49,29,29,81,8
j61,24.2,31,24.2,313,65,149,49,0.29,29,81,8
65,24.2,31,24.2,313,65,8149,49,29,29,8,8
65,24.2,31,24.2,313,65,149,49,29,29,8,8
65,24.2,31,24.2,313,65,1,49,0.29,29,8,8
65,24.2,311,24.2,313,65,1,49,0.29,29,8,8
65,24,31,24.2,313,65,1,49,0.29,29,8,8
65,24.2,31,24.2,313,65,149,49,0.29,29,81,8
6,24.2,31,24.2,313,65,149,49,0.29,29,8,8
651,24.2,31,24.2,313,65,149,49,29,29,8,8
65,24.2,31,24.2,313,65,149,49,29,29,81,8
6,24.2,31,24.2,313,65,149,49,29,29,81,8
651,24.2,31,24.2,313,65,_00149,49,29,29,81,8
65,24.2,31,24.2,313,65,149,49,0.29,29,8,8
651,24.2,317,24.2,313,65,149,49,29,29,81,8
81,24.2,31,10.4,36,28,149,49,29,29,81,8
6,24.2,31,24.2,313,65,149,49,29,29,.-81,8
65,24,31,24.2,313,65,149,49,29,29,0.11,8
651,24.2,31,24.2,313,65,149,49,0.29,29,81,8
6,24.2,31,24.2,313,65,8149,49,0.29,29,81,8
651,24.2,31,24.2,313,65,149,49,0.29,29,81,8
65,24.2,31,24.2,313,65,149,49,0.29,29,0.80000000000000004,8
651,24.2,31,24.2,313,65,1,49,29,29,81,8
6,24.2,31,24.2,313,65,149,49,29,29,j___,8
6,2_.2,31,24.2,313,65,-,49,29,29,81,8
64,23,_91_,23.8,298,64,-,49,0.29,29,81,8
64,23.8,29,23.8,298,64,8149,49,29,29,_1,8
6,23.8,29,23.8,298,64,149,49,0.29,29,j__1,8
64,23.8,291,23.8,298,64,-,49,0.29,29,8,8
_641,23.8,298,23.8,298,64,81,49,29,29,81,8
641,23.8,291,23.8,298,64,0,50,29,29,81,8
641,23.8,291,23.8,298,64,15,50,0.29,29,j_,8
_1,23.8,291,15.2,89,41,150,50,0.29,29,8,8
641,23.8,2917,23.8,298,64,150,50,_029,29,81,8
64,23.8,29,23.8,298,64,-,50,29,29,8,8
6,23.8,291,23.8,298,64,8150,50,2,29,8,8
64,23.8,298,23.8,298,64,0,50,30,30,-81,8
64,23.8,291,23.8,298,64,-0,50,0.30,30,81,8
64,23.8,291,23.8,298,64,15,50,0.30,30,j___,8
64,23.8,291,23.8,298,64,150,50,0.30,30,8,8
_-6_1,23.8,291,23.8,298,64,15,50,0.30,30,___8,8
_1,23.8,29,15.2,89,41,150,50,30,30,j1,8
_1,23.8,29,15.2,89,41,150,50,30,30,8,8
641,23.8,298,23.8,298,64,150,50,30,30,__8_,8
641,23.8,291,23.8,298,64,150,50,0.30,30,8,8
641,23.8,291,23.8,298,64,150,50,30,30,81,8
6,23.8,29,23.8,298,64,150,50,30,30,8,8
__,23.8,291,23.8,298,64,150,50,30,30,81,8
6,23.8,2913,23.8,298,64,150,50,30,30,81,8
j41,23.8,29,23.8,298,64,150,50,30,30,81,8
_1,23.8,29,15.2,89,41,150,50,30,30,._81,8
6,23.8,29,23.8,298,64,150,50,30,30,d.1,8
64,23.8,298,23.8,298,64,150,50,30,30,_.1,8
64,23.8,291,23.8,298,64,150,50,0.30,30,81,8
_1,2318,291,15.2,89,41,150,50,0.30,30,_81,8
_1,23.8,291,15.2,89,41,150,50,30,30,__81,8
_1,23.8,291,15.2,89,41,815,50,30,30,81,8
641,23.8,291,23.8,298,64,150,50,0.30,30,8,8
_1,23.8,291,15.2,89,41,150,50,30,30,d___,8
_1,23.8,291,15.2,89,41,15,51,830,30,j1,8
_1,23.8,291,15.2,89,41,151,51,30,30,8,8
_1,23.8,291,15.2,89,41,151,51,30,30,8,8
_11,23.8,291,15.2,89,41,151,51,30,30,8,8
_1,23.8,291,15.2,89,41,151,51,0.30,30,8,8
_1,23.8,291,15.2,89,41,151,51,30,30,8,8
_1,23.8,291,15.2,89,41,151,51,30,30,_8,8
_1,23.8,291,15.2,89,41,151,51,30,30,_8_,8
6,23.8,291,23.8,298,64,151,51,30,30,8,8
j41,23.8,291,23.8,298,64,151,51,0.30,30,__,8
_1,23.8,29,15.2,89,41,151,51,30,30,8,8
641,23.8,291,23.8,298,64,151,51,30,30,81,8
641,23.8,291,23.8,298,64,151,51,0.30,30,._8_,8
_1,23.8,29,15.2,89,41,151,51,30,30,8,8
64,23.8,291,23.8,298,64,151,51,30,30,___81,8
_1,23.8,291,15.2,89,41,151,51,30,30,81,8
641,23.8,29,23.8,298,64,151,51,30,30,81,8
_1,23.8,291,15.2,89,41,151,51,30,30,8.1,8
641,23.8,298,23.8,298,64,151,51,30,30,0.11,8
_1,23.8,291,15.2,89,41,151,51,0,30,9,8
6,23.8,291,23.8,298,64,151,51,31,31,91,8
j_1,23.8,299,15.2,89,41,151,51,31,31,81,8
_641,23.8,291,23.8,298,64,151,51,31,31,81,8
64,23.8,291,23.8,298,64,151,51,31,31,j__,8
6,23.8,291,23.8,298,64,151,51,3.1,31,81,8
64,23.8,2917,23.8,298,64,8151,51,0.31,31,81,8
64,23.8,291,23.8,298,64,861,51,0.29999999999999999,31,81,8
64,23.8,291,23.8,298,64,151,51,0.31,31,_9_,8
64,23.8,291,23.8,298,64,151,51,0.31,31,8,8
64,23.8,291,23.8,298,64,8151,51,0.31,31,9,8
81,23.8,291,15.2,89,41,151,51,0.31,31,8,8
64,23.8,291,23.8,298,64,815.1,51,31,31,j1,8
64,23.8,2917,23.8,298,64,152,52,31,31,81,8
6l11,23.8,2917,23.8,298,64,_0015_1,52,31,31,81,8
_8y1,23.8,291,15.2,89,41,152,52,31,31,8,8
6,23.8,2917,23.8,298,64,-,52,31,31,9,9
6,23.8,291,23.8,298,64,152,52,31,31,91,9
6,23.8,291,23.8,298,64,8162,52,0.31,31,9,9
64,23.8,291,23.8,298,64,152,52,31,31,9,9
64,23.8,291,23.8,298,64,152,52,31,31,91,9
64,23.8,291,23.8,298,64,152,52,31,31,91,9
_.11,23.8,2917,15.2,89,41,152,52,31,31,91,9
6,23.8,291,23.8,298,64,152,52,31,31,9,9
__,23.8,291,23.8,298,64,152,52,31,31,91,9
6,23.8,291,23.8,298,64,152,52,31,31,91,9
6,23.8,291,23.8,298,64,152,52,0.31,31,91,9
81,23.8,291,15.2,89,41,152,52,0.31,31,91,9
6,23.8,291,23.8,298,64,152,52,31,31,91,9
6,23.8,291,23.8,298,64,152,52,31,31,91,9
6_1_,23.8,2917,23.8,298,64,152,52,31,31,_91,9
_1,23.8,291,15.2,89,41,152,52,31,31,9,9
6,23.8,2917,23.8,298,64,152,52,31,31,9,9
__,23.8,291,23.8,298,64,15,52,31,31,9,9
6,23.8,291,23.8,298,64,15,52,31,31,91,9
64,23.8,291,23.8,298,64,152,52,37,31,9,9
64,23.8,291,23.8,298,64,152,52,31,31,91,9
641,23.8,291,23.8,298,64,152,52,0.31,31,9,9
6l11,23.8,2917,23.8,298,64,152,52,0.31,31,9,9
64,23.8,291,23.8,298,64,152,52,31,31,9,9
_1,230.00,29,15.2,89,41,15,52,31,31,9,9
_1,23.8,291,15.2,89,41,_0015_,52,0.31,31,9,9
6,23.8,291,23.8,298,64,15,53,0.31,31,9,9
6,23.8,291,23.8,298,64,153,53,0.31,31,9,9
6,23.8,291,23.8,298,64,153,53,0.31,31,9,9
__,23.8,291,23.8,298,64,-,53,31,31,9,9
_l11,23.8,2911,15.2,89,41,8153,53,31,31,9,9
__,23.8,29,23.8,298,64,153,53,31,31,9,9
6,23.8,291,23.8,298,64,153,53,31,31,9,9
6,23.8,29,23.8,298,64,153,53,3,31,9,9
6,23.8,29,23.8,298,64,153,53,32,32,81,9
_6y,23.8,291,23.8,298,64,153,53,32,32,9,9
64,23.8,298,23.8,298,64,153,53,32,32,8,9
6,23.8,29,23.8,298,64,153,53,32,32,91,9
64,23.8,2917,23.8,298,64,153,53,32,32,j_,9
64,23.8,291,23.8,298,64,0.00153,53,32,32,91,9
_6_,23.8,291,23.8,298,64,153,53,32,32,9,9
_64,23.8,291,23.8,298,64,153,53,32,32,91,9
6,23.8,291,23.8,298,64,153,53,32,32,9,9
6,23.8,291,23.8,298,64,_00153,53,-,32,9,9
64,23.8,29,23.8,298,64,153,53,32,32,_91,9
6,23.8,29,23.8,298,64,153,53,32,32,91,9
6l1_,23.8,2917,23.8,298,64,153,53,32,32,9,9
64,23.8,291,23.8,298,64,153,53,32,32,9,9
_1,23.8,29,15.2,89,41,8153,53,32,32,9,9
9,2314,281.1,21.9,233,59,153,53,32,32,9,9
3,23.4,281,23.4,284,63,153,53,32,32,91,9
6,23,281-1.,23.4,284,63,153,53,32,32,8,9
631,23,281-_1.,23.4,284,63,153,53,32,32,9,9
631,23.4,281.1,23.4,284,63,80153,53,32,32,91,9
631,23.4,281.1,23.4,284,63,15,53,32,32,9,9
631,23.4,281,23.4,284,63,__0015_,53,32,32,91,9
631,23.4,281.1,23.4,284,63,154,54,32,32,9,9
631,23.4,281.1,23.4,284,63,154,54,32,32,91,9
63,23.4,281,23.4,284,63,154,54,32,32,91,9
___8_1,23.4,281.1,15.2,89,41,154,54,32,32,9,9
631,23.4,281,23.4,284,63,154,54,32,32,91,9
6,23.4,281,23.4,284,63,154,54,32,32,9,9
63,23.4,281.1,23.4,284,63,154,54,32,32,81,9
63,23.4,281,23.4,284,63,154,54,32,32,91,9
_1,23.4,281,15.2,89,41,154,54,32,32,91,9
63,23.4,281,23.4,284,63,154,54,32,32,___1,9
j_1,23.4,281,15.2,89,41,-4,54,32,32,9,9
81,23.4,281,15.2,89,41,154,54,32,32,9,9
8,23,281,23.4,284,63,154,54,32,32,_91,9
__1,23.4,281...1,15.2,89,41,154,54,32,32,81,9
8,23.4,281.1,23.4,284,63,154,54,32,32,81,9
__,23.4,281,23.4,284,63,80154,54,u2,32,91,9
6,23.4,281,23.4,284,63,154,54,32,32,j1,9
63,23.4,281,23.4,284,63,-4,54,.-,32,91,9
63,23.4,281,23.4,284,63,-_,54,-,32,j_,9
83,23.4,281,23.4,284,63,8154,54,.-,32,9,9
63,23.4,281,23.4,284,63,154,54,-,32,8__1,9
631,23.4,281,23.4,284,63,8154,54,32,32,0.91,9
_1_,2_.1,281.1,15.2,89,41,154,54,..-,32,91,9
_11,22,251,22.7,256,61,154,54,-,32,9,9
_11,22.7,25,22.7,256,61,154,54,.-,33,9,9
611,22.7,251,22.7,256,61,154,54,.-,33,_,9
61,22,251,22.7,256,61,154,54,33,33,8,9
611,22.7,251,22.7,256,61,154,54,33,33,9,9
61,22.7,251,22.7,256,61,15,54,33,33,__1,9
61,22.7,251,22.7,256,61,15,55,33,33,91,9
61,22,251,22.7,256,61,15,55,33,33,_9_,9
61,22.7,251,22.7,256,61,155,55,33,33,.j1,9
611,22.7,251,22.7,256,61,155,55,33,33,81,9
_61_,22,251,22.7,256,61,155,55,33,33,j1,9
611,22,251,22.7,256,61,155,55,33,33,_9_,9
e11,22.7,256,22.7,256,61,155,55,33,33,9,9
_11,22.7,256,22.7,256,61,155,55,33,33,91,9
_11,22.7,256,22.7,256,61,155,55,0.33,33,91,9
611,22.7,256,22.7,256,61,155,55,0.33,33,__91,9
_11,22.7,256,22.7,256,61,155,55,33,33,9,9
611,22,251,22.7,256,61,-5,55,33,33,91,9
611,22.7,251,22.7,256,61,155,55,33,33,91,9
61,22,251,22.7,256,61,155,55,33,33,9,9
611,22.7,251,22.7,256,61,155,55,33,33,0.11,9
9.11,22.7,251,22.7,256,61,155,55,33,33,9,9
611,22.7,256,22.7,256,61,155,55,33,33,0.91,9
_611,22.7,25,22.7,256,61,155,55,33,33,_1111,9
_11,22.7,256,22.7,256,61,155,55,33,33,j_,10
61,22.7,251,22.7,256,61,155,55,33,33,10,10
61,22.7,251,22.7,256,61,155,55,..-,33,101,10
611,22,251,22.7,256,61,155,55,33,33,10,10
_.11,22.7,251,22.7,256,61,155,55,33,33,j1,10
_11,22.7,251,22.7,256,61,155,55,.-,33,j1,10
_11,22.7,251,22.7,256,61,155,55,0.033,33,-101,10
_-11,22.7,25,22.7,256,61,155,55,33,33,j1,10
_11,22.7,251,22.7,256,61,5,55,.-,33,j0_,10
61,22.7,251,22.7,256,61,155,55,33,33,_101,10
61,22.7,251,22.7,256,61,155,55,.-,33,_101,10
61,22,251,22.7,256,61,155,55,33,33,10,10
j__11,22,251,22.7,256,61,155,55,33,33,10,10
61,22.7,251,22.7,256,61,156,56,0.33,33,10,10
61,22.7,256,22.7,256,61,8156,56,33,33,_101,10
e11,22.7,256,22.7,256,61,-6,56,33,33,.j1,10
611,22.7,256,22.7,256,61,156,56,0.33,33,101,10
61,22.7,256,22.7,256,61,156,56,33,33,10,10
_.11,22.7,251,22.7,256,61,156,56,0.33,33,101,10
_11,22,256,22.7,256,61,156,56,0.33,33,1,10
_11,22.7,256,22.7,256,61,_00156,56,33,33,101,10
61,22.7,251,22.7,256,61,156,56,0.33,33,101,10
_11,22.7,256,22.7,256,61,-,56,33,33,101,10
611,22,251,22.7,256,61,156,56,0.33,33,10,10
_11,22.7,251,22.7,256,61,156,56,33,33,101,10
_11,22.7,256,22.7,256,61,_00156,56,0.33,33,10,10
81,22.7,256,22.7,256,61,156,56,0.33,33,101,10
61,22,251,22.7,256,61,8156,56,.-,33,._10_,10
_1_,227,251,22.7,256,61,156,56,33,33,j_,10
_11,22.7,251,22.7,256,61,156,56,33,33,-101,10
_11,22.7,256,22.7,256,61,156,56,0,33,j0_,10
_.11,22.7,251,22.7,256,61,8156,56,3,34,-101,10
_11,22.7,25,22.7,256,61,156,56,34,34,j1,10
_11,22.7,256,22.7,256,61,156,56,34,34,j0_,10
611,211.7,25,22.7,256,61,156,56,39,34,j1,10
81,21.3,23,10.4,36,28,_00156,56,0.34,34,j1,10
__1,21.9,23,22.7,256,61,156,56,39,34,j1,10
_1,21.9,23,22.7,256,61,156,56,0.34,34,j1,10
_1,21.9,23,22.7,256,61,156,56,0.34,34,-101,10
5,21.9,233,21.9,233,59,156,56,34,34,j01,10
5,21.19,23,21.9,233,59,156,56,0.34,34,__101,10
__6_1,21.9,23,22.7,256,61,15,56,39,34,101,10
591,21.9,23,21.9,233,59,157,57,39,34,-101,10
591,21.9,23,21.9,233,59,15,57,0.34,34,10,10
591,21.9,23,21.9,233,59,157,57,34,34,j1,10
591,2..1.9.,23,21.9,233,59,157,57,34,34,10,10
59,21.9,23,21.9,233,59,157,57,34,34,.-1c1_,10
5,21.9,23,21.9,233,59,8157,57,34,34,j_,10
59,21.9,23,21.9,233,59,157,57,34,34,101,10
591,21.9,23,21.9,233,59,157,57,34,34,1,10
_591,21.9,23,21.9,233,59,157,57,u9,34,10,10
591,21.9,23,21.9,233,59,157,57,34,34,10,10
j81,21.9,23,10.4,36,28,157,57,34,34,1c1_,10
_1,21.9,23,22.7,256,61,157,57,34,34,10,10
591,21.9,23,21.9,233,59,157,57,34,34,10,10
5,21.9,23,21.9,233,59,157,57,34,34,10,10
591,21.9,23,21.9,233,59,157,57,34,34,10,10
59,21.9,23,21.9,233,59,157,57,34,34,10,10
59,21.9,23,21.9,233,59,157,57,34,34,10,10
59,21.9,23,21.9,233,59,157,57,34,34,10,10
_1,21.9,23,22.7,256,61,157,57,39,34,-101,10
81,21.9,23,10.4,36,28,157,57,34,34,-101,10
591,21.9,23,21.9,233,59,157,57,34,34,101,10
5,21.9,233,21.9,233,59,157,57,34,34,_101,10
j81,2116,2_-1,19.0,159,51,157,57,34,34,101,10
58,21.6,221,16.7,116,45,157,57,34,34,10,10
5,21.6,221,16.7,116,45,157,57,34,34,10,10
_1,21.6,221,19.0,159,51,157,57,34,34,10,10
_1,21.6,221,19.0,159,51,157,57,34,34,-101,10
_581,21.6,221,16.7,116,45,157,57,34,34,-101,10
5,21.6,221,16.7,116,45,157,57,34,34,_101,10
5,21.6,221,16.7,116,45,157,57,34,34,j01,10
_58_,21.6,221,16.7,116,45,8158,58,39,34,101,10
81,21.6,221_1.,19.0,159,51,150,58,-,34,10,10
_1,21.6,221,19.0,159,51,158,58,-,34,10,10
_1,21.6,221_1.,19.0,159,51,156,58,0,34,10,10
j__1,21.6,221_1.,19.0,159,51,158,58,34,34,10,10
5,21.6,221,16.7,116,45,158,58,34,34,10,10
5,2116,221,21.1,214,57,158,58,34,34,_101,10
__1,21.6,221,19.0,159,51,158,58,34,34,j1,10
5,21.600000000000001,221,16.7,116,45,158,58,34,34,101,10
5,21.6,221,16.7,116,45,158,58,3,34,10,10
j_1,21.6,221,19.0,159,51,158,58,35,35,j01,10
5,21.6,221,16.7,116,45,158,58,35,35,1c11,10
5,21.6,221,16.7,116,45,158,58,35,35,-_101,10
__1,21.6,221,19.0,159,51,158,58,35,35,-_1c11,10
_1,21.6,221,19.0,159,51,158,58,35,35,__1c11,10
5,21.6,221,16.7,116,45,158,58,35,35,_101,10
5,21.6,221,16.7,116,45,158,58,35,35,101,10
5,21.6,221,16.7,116,45,158,58,35,35,101,10
__,21.6,221,16.7,116,45,158,58,35,35,101,10
__1,21.6,22111,19.0,159,51,158,58,35,35,101,10
_1,21.6,221,19.0,159,51,158,58,35,35,_.101,10
_1,2.1.._,21_1-1,19.0,159,51,158,58,35,35,101,10
,,,,,,,,,,,
